precio,m2,dormitorios,banos,estacionamiento,enlace
620000,54,1,1,0,https://casas.mitula.cl/adform/24301-256-4188-4e3e5e1c2db3-83de-351dec75-b786?page=6&pos=21&t_sec=1&t_pvid=d8b8cd06-36f6-4b7d-84d6-73b27ecd1dba&hd=false
600000,80,3,2,0,https://casas.mitula.cl/adform/24301-256-41b7-624e3332795f-ab2a-ca38fec0-33b4?page=2&pos=28&t_sec=1&t_pvid=e02a8ce9-5325-4d77-8de1-7f42945da528&hd=false
550000,54,2,1,0,https://casas.mitula.cl/adform/24301-256-41f8-e3cd11bdcc73-bf17-169bf82a-57f0?page=6&pos=20&t_sec=1&t_pvid=d8b8cd06-36f6-4b7d-84d6-73b27ecd1dba&hd=false
630000,68,2,2,0,https://casas.mitula.cl/adform/24301-256-4210-3fc177a09908-8d8b-7e0fc6dc-adc0?page=6&pos=26&t_sec=1&t_pvid=d8b8cd06-36f6-4b7d-84d6-73b27ecd1dba&hd=false
380000,50,3,1,0,https://casas.mitula.cl/adform/24301-256-428c-8f53b6affe3d-84d2-598311ba-f8a4?page=16&pos=23&t_sec=1&t_pvid=ce484b53-61c1-491e-9939-9b737527fe67&hd=false
490000,44,2,1,1,https://casas.mitula.cl/adform/24301-256-42b2-be936457fd30-b990-8a1caa57-45f8?page=7&pos=18&t_sec=1&t_pvid=e9614c1f-ff92-456a-9bbc-28e7451fcb9a&hd=false
520000,45,2,1,1,https://casas.mitula.cl/adform/24301-256-42bf-b5bf76cd6a0d-9df8-4f3c3c45-921d?page=12&pos=0&t_sec=1&t_pvid=9de5cc26-ee18-428d-9b00-b1b2d8188f1e&hd=false
510000,49,2,2,0,https://casas.mitula.cl/adform/24301-256-42cb-e2dadee36b3b-a35f-9a987a50-f2d7?page=6&pos=14&t_sec=1&t_pvid=d8b8cd06-36f6-4b7d-84d6-73b27ecd1dba&hd=false
360000,64,3,2,0,https://casas.mitula.cl/adform/24301-256-4323-2b50eace82c5-95d6-238bb631-6dca?page=12&pos=3&t_sec=1&t_pvid=9de5cc26-ee18-428d-9b00-b1b2d8188f1e&hd=false
348500,47,2,2,0,https://casas.mitula.cl/adform/24301-256-43d8-1ddff29d4c68-b5eb-ad18bd16-449?page=2&pos=26&t_sec=1&t_pvid=e02a8ce9-5325-4d77-8de1-7f42945da528&hd=false
500000,38,1,1,1,https://casas.mitula.cl/adform/24301-256-43e6-5265418234c7-be2c-2e4b102b-4ac2?page=13&pos=7&t_sec=1&t_pvid=5814020f-729b-4e8b-adb1-9a87e70d6d8e&hd=false
580000,60,2,2,0,https://casas.mitula.cl/adform/24301-256-4437-c9151ea2f36c-bf5a-76805f35-7d6f?page=6&pos=23&t_sec=1&t_pvid=d8b8cd06-36f6-4b7d-84d6-73b27ecd1dba&hd=false
580000,76,3,2,1,https://casas.mitula.cl/adform/24301-256-443d-c99a0726afd7-9332-37aa93be-7873?page=7&pos=10&t_sec=1&t_pvid=e9614c1f-ff92-456a-9bbc-28e7451fcb9a&hd=false
490000,60,3,2,0,https://casas.mitula.cl/adform/24301-256-445a-a228d11d9f49-ac25-162ca4c5-2903?page=3&pos=3&t_sec=1&t_pvid=fca5eec1-8dac-4aef-b40b-b0bc37e1cf1c&hd=false
650000,74,3,2,0,https://casas.mitula.cl/adform/24301-256-4522-40c0f65c700e-b354-425c645f-f096?page=6&pos=27&t_sec=1&t_pvid=d8b8cd06-36f6-4b7d-84d6-73b27ecd1dba&hd=false
500000,59,2,2,1,https://casas.mitula.cl/adform/24301-256-454a-6581a8b566c3-b8bc-755d17b8-34f9?page=7&pos=6&t_sec=1&t_pvid=e9614c1f-ff92-456a-9bbc-28e7451fcb9a&hd=false
620000,70,2,2,0,https://casas.mitula.cl/adform/24301-256-456e-60d81bb2b775-a381-fb9ac0df-2f96?page=3&pos=0&t_sec=1&t_pvid=fca5eec1-8dac-4aef-b40b-b0bc37e1cf1c&hd=false
580000,57,2,5,1,https://casas.mitula.cl/adform/24301-256-458e-81f6776f7750-a90a-fa6e34ed-cbdf?page=7&pos=3&t_sec=1&t_pvid=e9614c1f-ff92-456a-9bbc-28e7451fcb9a&hd=false
990000,68,2,5,0,https://casas.mitula.cl/adform/24301-256-45ca-b0ee1bb30428-a12f-f7dc93ee-e117?page=6&pos=18&t_sec=1&t_pvid=d8b8cd06-36f6-4b7d-84d6-73b27ecd1dba&hd=false
570000,56,3,1,1,https://casas.mitula.cl/adform/24301-256-45eb-33ff6f5719ab-8754-d382d48f-b1e1?page=7&pos=11&t_sec=1&t_pvid=e9614c1f-ff92-456a-9bbc-28e7451fcb9a&hd=false
500000,45,2,1,1,https://casas.mitula.cl/adform/24301-256-45fb-b444dfcb25d4-8d29-cd893883-36de?page=7&pos=0&t_sec=1&t_pvid=e9614c1f-ff92-456a-9bbc-28e7451fcb9a&hd=false
550000,48,2,1,0,https://casas.mitula.cl/adform/24301-256-4614-faf746600cf1-8c43-aff34df3-5a28?page=3&pos=2&t_sec=1&t_pvid=fca5eec1-8dac-4aef-b40b-b0bc37e1cf1c&hd=false
500000,60,3,2,1,https://casas.mitula.cl/adform/24301-256-4636-631ce4b695bb-8357-361d9ae4-a4b?page=12&pos=2&t_sec=1&t_pvid=9de5cc26-ee18-428d-9b00-b1b2d8188f1e&hd=false
450000,55,2,1,0,https://casas.mitula.cl/adform/24301-256-4729-c89917041507-8915-aa8b6fbe-73e6?page=5&pos=6&t_sec=1&t_pvid=bf6ce94d-1cd4-4b7e-af62-9d7888853053&hd=false
1200000,85,3,2,0,https://casas.mitula.cl/adform/24301-256-4753-295964092dba-a59f-1b627919-f54c?page=5&pos=3&t_sec=1&t_pvid=bf6ce94d-1cd4-4b7e-af62-9d7888853053&hd=false
470000,54,3,1,1,https://casas.mitula.cl/adform/24301-256-4825-5c17ec55ab63-b9a6-c31d7a07-817f?page=7&pos=14&t_sec=1&t_pvid=e9614c1f-ff92-456a-9bbc-28e7451fcb9a&hd=false
490000,60,3,1,0,https://casas.mitula.cl/adform/24301-256-487f-db4a8b3e9b83-bc2f-6ff350a2-b863?page=3&pos=12&t_sec=1&t_pvid=fca5eec1-8dac-4aef-b40b-b0bc37e1cf1c&hd=false
640000,65,2,5,0,https://casas.mitula.cl/adform/24301-256-48b9-d2835f42e9db-b293-5fe23d0b-71b3?page=6&pos=17&t_sec=1&t_pvid=d8b8cd06-36f6-4b7d-84d6-73b27ecd1dba&hd=false
500000,46,2,2,0,https://casas.mitula.cl/adform/24301-256-48e6-ab5715008dd1-b337-d89b5da4-988e?page=6&pos=22&t_sec=1&t_pvid=d8b8cd06-36f6-4b7d-84d6-73b27ecd1dba&hd=false
450000,65,3,2,1,https://casas.mitula.cl/adform/24301-256-4952-59fe89f9c123-8bc0-35e589c1-e32c?page=1&pos=24&t_sec=1&t_pvid=521187bd-ff52-4d42-896b-df1805fb0df6&hd=false
600000,69,2,2,0,https://casas.mitula.cl/adform/24301-256-497b-a757b96fba1d-aa15-d7698c20-9b4f?page=3&pos=1&t_sec=1&t_pvid=fca5eec1-8dac-4aef-b40b-b0bc37e1cf1c&hd=false
500000,45,2,1,1,https://casas.mitula.cl/adform/24301-256-4980-47e5034a34e-acc8-9dd801a2-d038?page=10&pos=15&t_sec=1&t_pvid=af630042-f96a-46bd-b0a6-777dc8d00cb7&hd=false
650000,52,2,2,1,https://casas.mitula.cl/adform/24301-256-499d-308ac975f0f6-8e5b-c30cb200-64a1?page=10&pos=13&t_sec=1&t_pvid=af630042-f96a-46bd-b0a6-777dc8d00cb7&hd=false
850000,70,2,2,1,https://casas.mitula.cl/adform/24301-256-49a2-7b9d4f8190dc-9cdc-de19aa6f-e51d?page=7&pos=2&t_sec=1&t_pvid=e9614c1f-ff92-456a-9bbc-28e7451fcb9a&hd=false
1200000,91,3,2,0,https://casas.mitula.cl/adform/24301-256-49e1-c9eb5168cd0e-b5e6-6b44b2e4-eee0?page=6&pos=15&t_sec=1&t_pvid=d8b8cd06-36f6-4b7d-84d6-73b27ecd1dba&hd=false
780000,99,4,3,0,https://casas.mitula.cl/adform/24301-256-4a03-52530969e1be-a348-d8e9345a-92f7?page=2&pos=25&t_sec=1&t_pvid=e02a8ce9-5325-4d77-8de1-7f42945da528&hd=false
800000,68,2,2,1,https://casas.mitula.cl/adform/24301-256-4a2b-877283e3a106-8556-15e8c876-6915?page=6&pos=29&t_sec=1&t_pvid=d8b8cd06-36f6-4b7d-84d6-73b27ecd1dba&hd=false
550000,57,1,2,0,https://casas.mitula.cl/adform/24301-256-4a36-c24084715392-b2f6-c474f954-b3d9?page=7&pos=12&t_sec=1&t_pvid=e9614c1f-ff92-456a-9bbc-28e7451fcb9a&hd=false
780000,51,2,1,0,https://casas.mitula.cl/adform/24301-256-4af9-8136a0a297eb-9b6d-f58acc00-8cc7?page=6&pos=19&t_sec=1&t_pvid=d8b8cd06-36f6-4b7d-84d6-73b27ecd1dba&hd=false
450000,41,3,1,1,https://casas.mitula.cl/adform/24301-256-4b04-f4d7569e75da-a252-bac25c15-ce3b?page=12&pos=5&t_sec=1&t_pvid=9de5cc26-ee18-428d-9b00-b1b2d8188f1e&hd=false
720000,80,3,2,1,https://casas.mitula.cl/adform/24301-256-4b0b-2a842e4cbc66-addc-7b2e890e-6fa5?page=6&pos=28&t_sec=1&t_pvid=d8b8cd06-36f6-4b7d-84d6-73b27ecd1dba&hd=false
450000,50,2,2,0,https://casas.mitula.cl/adform/24301-256-4b26-af4d4c1c3130-933e-b7e7676d-c676?page=12&pos=7&t_sec=1&t_pvid=9de5cc26-ee18-428d-9b00-b1b2d8188f1e&hd=false
460000,48,1,1,1,https://casas.mitula.cl/adform/24301-256-4be4-e80e62564952-9853-d60b130f-8ad1?page=7&pos=19&t_sec=1&t_pvid=e9614c1f-ff92-456a-9bbc-28e7451fcb9a&hd=false
750000,72,3,2,1,https://casas.mitula.cl/adform/24301-256-4bfb-3b4f42627ad1-a30d-73b00833-6d93?page=7&pos=13&t_sec=1&t_pvid=e9614c1f-ff92-456a-9bbc-28e7451fcb9a&hd=false
380000,25,1,1,0,https://casas.mitula.cl/adform/24301-256-4c00-fd7612bf5330-858d-f5210f8a-c1cd?page=3&pos=5&t_sec=1&t_pvid=fca5eec1-8dac-4aef-b40b-b0bc37e1cf1c&hd=false
550000,40,1,1,1,https://casas.mitula.cl/adform/24301-256-4c24-6adc9ec43ece-891a-34dd3d79-5c58?page=7&pos=15&t_sec=1&t_pvid=e9614c1f-ff92-456a-9bbc-28e7451fcb9a&hd=false
750000,75,3,2,1,https://casas.mitula.cl/adform/24301-256-4c28-1b7e038edb83-af12-cced5780-4ce4?page=7&pos=9&t_sec=1&t_pvid=e9614c1f-ff92-456a-9bbc-28e7451fcb9a&hd=false
600000,65,2,2,1,https://casas.mitula.cl/adform/24301-256-4c59-e8b1a703dc37-955f-a66b92b6-1314?page=7&pos=1&t_sec=1&t_pvid=e9614c1f-ff92-456a-9bbc-28e7451fcb9a&hd=false
700000,70,2,2,0,https://casas.mitula.cl/adform/24301-256-4c5e-3a587b3c82e5-a79e-1330d097-251f?page=6&pos=24&t_sec=1&t_pvid=d8b8cd06-36f6-4b7d-84d6-73b27ecd1dba&hd=false
600000,68,2,2,1,https://casas.mitula.cl/adform/24301-256-4c87-d2042a64f4b0-bb4f-6a935b9b-a787?page=7&pos=4&t_sec=1&t_pvid=e9614c1f-ff92-456a-9bbc-28e7451fcb9a&hd=false
650000,68,3,2,1,https://casas.mitula.cl/adform/24301-256-4c96-d01cf6aa2bf6-b372-cc59b4e6-6659?page=10&pos=19&t_sec=1&t_pvid=af630042-f96a-46bd-b0a6-777dc8d00cb7&hd=false
580000,45,2,2,0,https://casas.mitula.cl/adform/24301-256-4ca8-ca460ec080e8-99b7-f00cd921-84a6?page=6&pos=13&t_sec=1&t_pvid=d8b8cd06-36f6-4b7d-84d6-73b27ecd1dba&hd=false
455000,50,2,1,1,https://casas.mitula.cl/adform/24301-256-4cb4-b9245073be46-9f8f-aaae99b5-4b11?page=7&pos=27&t_sec=1&t_pvid=e9614c1f-ff92-456a-9bbc-28e7451fcb9a&hd=false
415000,58,3,1,0,https://casas.mitula.cl/adform/24301-256-4e4e-19b38d94ccab-c0fd-481b13a6-d394?page=2&pos=27&t_sec=1&t_pvid=e02a8ce9-5325-4d77-8de1-7f42945da528&hd=false
435000,56,3,1,1,https://casas.mitula.cl/adform/24301-256-4eb1-f35a72e669dd-a981-84263b78-dcd1?page=12&pos=6&t_sec=1&t_pvid=9de5cc26-ee18-428d-9b00-b1b2d8188f1e&hd=false
650000,83,2,2,1,https://casas.mitula.cl/adform/24301-256-4ee2-4768ff3dd292-8dc6-b7f29b08-568c?page=7&pos=7&t_sec=1&t_pvid=e9614c1f-ff92-456a-9bbc-28e7451fcb9a&hd=false
550000,48,2,1,1,https://casas.mitula.cl/adform/24301-256-4f40-29226e168e93-9569-2651f669-ae51?page=10&pos=16&t_sec=1&t_pvid=af630042-f96a-46bd-b0a6-777dc8d00cb7&hd=false
700000,92,2,1,0,https://casas.mitula.cl/adform/24301-256-4f5f-4e4b379cfa0a-a37a-27f0e0d5-31dd?page=2&pos=29&t_sec=1&t_pvid=e02a8ce9-5325-4d77-8de1-7f42945da528&hd=false
500000,82,3,2,0,https://casas.mitula.cl/adform/24301-256-4f61-b122a782adad-85e5-cbee450c-d4f9?page=2&pos=24&t_sec=1&t_pvid=e02a8ce9-5325-4d77-8de1-7f42945da528&hd=false
630000,63,2,2,1,https://casas.mitula.cl/adform/24301-256-4f76-86251579db8e-a354-5d138a46-f0d4?page=7&pos=5&t_sec=1&t_pvid=e9614c1f-ff92-456a-9bbc-28e7451fcb9a&hd=false
700000,71,2,2,0,https://casas.mitula.cl/adform/24301-256-4f93-96344502e63c-85ad-2bb03ec3-1a4c?page=6&pos=25&t_sec=1&t_pvid=d8b8cd06-36f6-4b7d-84d6-73b27ecd1dba&hd=false
650000,55,2,2,1,https://casas.mitula.cl/adform/24301-256-4fab-6e03486c1b20-a2b1-822a305a-89e4?page=7&pos=8&t_sec=1&t_pvid=e9614c1f-ff92-456a-9bbc-28e7451fcb9a&hd=false
600000,50,2,1,1,https://casas.mitula.cl/adform/24301-256-5012-3d64076bdd45-b591-1a88479c-6d5f?page=12&pos=4&t_sec=1&t_pvid=9de5cc26-ee18-428d-9b00-b1b2d8188f1e&hd=false
900000,70,2,2,0,https://casas.mitula.cl/adform/24301-256-5079-bb1455226c44-b23a-bbc70b17-931a?page=6&pos=12&t_sec=1&t_pvid=d8b8cd06-36f6-4b7d-84d6-73b27ecd1dba&hd=false
600000,61,2,2,0,https://casas.mitula.cl/adform/24301-256-5093-9149a2b16e80-be4b-dbb1a289-5cbe?page=3&pos=4&t_sec=1&t_pvid=fca5eec1-8dac-4aef-b40b-b0bc37e1cf1c&hd=false
450000,56,3,1,1,https://casas.mitula.cl/adform/24301-256-7102-9b7b13456b78-9d4c-19d6f19-437f?page=8&pos=26&t_sec=1&t_pvid=6580b1e5-e95e-4bbc-ad22-41128c931115&hd=false
1100000,86,3,2,1,https://casas.mitula.cl/adform/24301-256-7116-447404749620-a417-198ef21-1b99?page=10&pos=29&t_sec=1&t_pvid=af630042-f96a-46bd-b0a6-777dc8d00cb7&hd=false
700000,73,3,2,0,https://casas.mitula.cl/adform/24301-256-7116-48380f532631-9177-19acfd0-7dfe?page=16&pos=26&t_sec=1&t_pvid=ce484b53-61c1-491e-9939-9b737527fe67&hd=false
480000,46,3,1,1,https://casas.mitula.cl/adform/24301-256-7117-c64dcc5c2a8f-915f-19db728-192?page=10&pos=11&t_sec=1&t_pvid=af630042-f96a-46bd-b0a6-777dc8d00cb7&hd=false
800000,75,3,2,0,https://casas.mitula.cl/adform/24301-256-711e-3c79d40dbbe9-9915-19de5ef-9f19?page=3&pos=17&t_sec=1&t_pvid=fca5eec1-8dac-4aef-b40b-b0bc37e1cf1c&hd=false
600000,62,3,1,1,https://casas.mitula.cl/adform/24301-256-7133-48555c02c8fb-a424-19c7b30-8c16?page=14&pos=12&t_sec=1&t_pvid=337f6768-d109-45b0-8694-92d38de5ef96&hd=false
500000,53,3,2,1,https://casas.mitula.cl/adform/24301-256-7134-b5733b1180c4-adc7-19a8ccb-16ae?page=14&pos=7&t_sec=1&t_pvid=337f6768-d109-45b0-8694-92d38de5ef96&hd=false
630000,80,3,2,1,https://casas.mitula.cl/adform/24301-256-716e-d24c3d123bf6-8e19-19ddfa8-6787?page=10&pos=12&t_sec=1&t_pvid=af630042-f96a-46bd-b0a6-777dc8d00cb7&hd=false
1100000,90,2,2,0,https://casas.mitula.cl/adform/24301-256-7173-54ac0c826e32-8109-19d0da2-db55?page=9&pos=2&t_sec=1&t_pvid=420b1895-d5dd-4650-8d07-6eda32953489&hd=false
115000,70,3,2,1,https://casas.mitula.cl/adform/24301-256-7185-9417ba551a86-b93f-19b5234-f13d?page=11&pos=15&t_sec=1&t_pvid=f9d0735c-42cf-4c30-9bca-32b51ce076b7&hd=false
370000,45,3,1,1,https://casas.mitula.cl/adform/24301-256-718e-739aecf317ab-af06-19d11cc-686b?page=12&pos=10&t_sec=1&t_pvid=9de5cc26-ee18-428d-9b00-b1b2d8188f1e&hd=false
850000,90,3,2,1,https://casas.mitula.cl/adform/24301-256-718f-1f99e4d7e44f-9373-19db1e3-8840?page=2&pos=5&t_sec=1&t_pvid=e02a8ce9-5325-4d77-8de1-7f42945da528&hd=false
650000,65,2,2,1,https://casas.mitula.cl/adform/24301-256-71a2-951468c8bc7e-aba0-19db539-17a1?page=10&pos=1&t_sec=1&t_pvid=af630042-f96a-46bd-b0a6-777dc8d00cb7&hd=false
930000,105,3,2,0,https://casas.mitula.cl/adform/24301-256-71af-e369e5bbbdf2-9adb-1959aad-8859?page=9&pos=3&t_sec=1&t_pvid=420b1895-d5dd-4650-8d07-6eda32953489&hd=false
450000,55,2,2,0,https://casas.mitula.cl/adform/24301-256-71b1-9309acd489d7-a11d-19daca9-a447?page=17&pos=9&t_sec=1&t_pvid=ae3fb8b3-99b4-483d-9d8c-1e3f66935507&hd=false
1200000,87,3,2,0,https://casas.mitula.cl/adform/24301-256-71b2-a3a4675f2701-a5e7-19d94b1-9634?page=13&pos=21&t_sec=1&t_pvid=5814020f-729b-4e8b-adb1-9a87e70d6d8e&hd=false
500000,53,2,1,0,https://casas.mitula.cl/adform/24301-256-71be-611b49ab48d7-8b3b-19ce755-cb20?page=17&pos=12&t_sec=1&t_pvid=ae3fb8b3-99b4-483d-9d8c-1e3f66935507&hd=false
400000,70,3,2,0,https://casas.mitula.cl/adform/24301-256-71cd-2f789976adba-bd7c-19daa53-ca39?page=5&pos=17&t_sec=1&t_pvid=bf6ce94d-1cd4-4b7e-af62-9d7888853053&hd=false
900000,94,3,2,0,https://casas.mitula.cl/adform/24301-256-71cd-973a2cc9f75a-a8af-19ca17d-1d97?page=5&pos=7&t_sec=1&t_pvid=bf6ce94d-1cd4-4b7e-af62-9d7888853053&hd=false
550000,46,1,1,1,https://casas.mitula.cl/adform/24301-256-71d1-3c536d376d07-9bbc-19d36d5-3146?page=15&pos=28&t_sec=1&t_pvid=c4c81812-32c7-4ee1-a9f8-7a32717e1092&hd=false
1000000,92,3,2,0,https://casas.mitula.cl/adform/24301-256-71e5-681edfa68d89-c042-19798a3-7370?page=3&pos=19&t_sec=1&t_pvid=fca5eec1-8dac-4aef-b40b-b0bc37e1cf1c&hd=false
600000,49,2,1,1,https://casas.mitula.cl/adform/24301-256-71f4-41a316ead7c9-aa8b-19d31af-2d43?page=11&pos=18&t_sec=1&t_pvid=f9d0735c-42cf-4c30-9bca-32b51ce076b7&hd=false
150000,100,3,2,0,https://casas.mitula.cl/adform/24301-256-71f7-cbc69dc786f1-9367-19b0d71-7e08?page=4&pos=12&t_sec=1&t_pvid=3ccd29be-7f57-462b-99a8-66ed9b57e208&hd=false
590000,53,2,2,1,https://casas.mitula.cl/adform/24301-256-71f8-66b3fae195ec-89de-19bd65b-8516?page=11&pos=4&t_sec=1&t_pvid=f9d0735c-42cf-4c30-9bca-32b51ce076b7&hd=false
900000,80,2,2,1,https://casas.mitula.cl/adform/24301-256-71f8-ed0f7f814c1f-86b1-19cdf4a-137a?page=7&pos=17&t_sec=1&t_pvid=e9614c1f-ff92-456a-9bbc-28e7451fcb9a&hd=false
580000,61,3,2,1,https://casas.mitula.cl/adform/24301-256-721c-59b87f473d3f-9edb-19d6f10-bfa8?page=13&pos=6&t_sec=1&t_pvid=5814020f-729b-4e8b-adb1-9a87e70d6d8e&hd=false
500000,50,3,2,0,https://casas.mitula.cl/adform/24301-256-7226-a155a74db4a2-b05e-19b6513-f360?page=13&pos=26&t_sec=1&t_pvid=5814020f-729b-4e8b-adb1-9a87e70d6d8e&hd=false
300000,110,3,3,1,https://casas.mitula.cl/adform/24301-256-722a-6e6ee8718686-a380-199cf86-ad42?page=15&pos=24&t_sec=1&t_pvid=c4c81812-32c7-4ee1-a9f8-7a32717e1092&hd=false
550000,54,3,1,1,https://casas.mitula.cl/adform/24301-256-7234-3acf20371a36-bc1f-19d42a6-bf95?page=9&pos=27&t_sec=1&t_pvid=420b1895-d5dd-4650-8d07-6eda32953489&hd=false
550000,60,3,1,0,https://casas.mitula.cl/adform/24301-256-7234-80e5a4e48a27-b139-19c5708-7e43?page=16&pos=6&t_sec=1&t_pvid=ce484b53-61c1-491e-9939-9b737527fe67&hd=false
500000,50,2,1,0,https://casas.mitula.cl/adform/24301-256-7238-fc8418e3c3a8-a83e-19cb0f0-85e2?page=11&pos=21&t_sec=1&t_pvid=f9d0735c-42cf-4c30-9bca-32b51ce076b7&hd=false
950000,81,2,3,0,https://casas.mitula.cl/adform/24301-256-7239-b56f3f97e72c-8555-19b0da7-e117?page=3&pos=25&t_sec=1&t_pvid=fca5eec1-8dac-4aef-b40b-b0bc37e1cf1c&hd=false
700000,95,3,2,1,https://casas.mitula.cl/adform/24301-256-7239-eea510138fac-a39a-19d234f-6ccb?page=11&pos=25&t_sec=1&t_pvid=f9d0735c-42cf-4c30-9bca-32b51ce076b7&hd=false
580000,58,2,2,1,https://casas.mitula.cl/adform/24301-256-723a-11324ed4f839-b201-19b32e2-ccca?page=8&pos=1&t_sec=1&t_pvid=6580b1e5-e95e-4bbc-ad22-41128c931115&hd=false
450000,63,3,5,1,https://casas.mitula.cl/adform/24301-256-7245-562d6b4c2c72-8463-19c4451-54d7?page=2&pos=15&t_sec=1&t_pvid=e02a8ce9-5325-4d77-8de1-7f42945da528&hd=false
600000,55,2,1,1,https://casas.mitula.cl/adform/24301-256-724a-530302e4e8bd-b1d1-19d31ae-fe5e?page=11&pos=20&t_sec=1&t_pvid=f9d0735c-42cf-4c30-9bca-32b51ce076b7&hd=false
520000,72,3,2,0,https://casas.mitula.cl/adform/24301-256-7253-7ab6b269c83f-8491-19ae063-8fb0?page=6&pos=16&t_sec=1&t_pvid=d8b8cd06-36f6-4b7d-84d6-73b27ecd1dba&hd=false
520000,64,3,2,1,https://casas.mitula.cl/adform/24301-256-7267-835933836769-ad91-19d2507-a5bc?page=10&pos=10&t_sec=1&t_pvid=af630042-f96a-46bd-b0a6-777dc8d00cb7&hd=false
520000,54,3,2,1,https://casas.mitula.cl/adform/24301-256-7268-bc18bbe506c-8ad5-19b4ddb-4960?page=8&pos=12&t_sec=1&t_pvid=6580b1e5-e95e-4bbc-ad22-41128c931115&hd=false
620000,37,1,1,1,https://casas.mitula.cl/adform/24301-256-7277-c12e6d5839a7-aa54-19dbdce-38f3?page=11&pos=26&t_sec=1&t_pvid=f9d0735c-42cf-4c30-9bca-32b51ce076b7&hd=false
470000,48,2,1,1,https://casas.mitula.cl/adform/24301-256-728e-50b68763d5f4-97f3-19de30c-878f?page=15&pos=14&t_sec=1&t_pvid=c4c81812-32c7-4ee1-a9f8-7a32717e1092&hd=false
110000,100,3,2,0,https://casas.mitula.cl/adform/24301-256-7290-8322307343a7-8cb2-19b317d-e339?page=4&pos=28&t_sec=1&t_pvid=3ccd29be-7f57-462b-99a8-66ed9b57e208&hd=false
495000,60,2,1,0,https://casas.mitula.cl/adform/24301-256-72a1-75cbd4b28dc3-ad2e-19cb3e0-a7c0?page=5&pos=13&t_sec=1&t_pvid=bf6ce94d-1cd4-4b7e-af62-9d7888853053&hd=false
500000,51,2,1,1,https://casas.mitula.cl/adform/24301-256-72c0-db570bbe51e9-b828-19cb901-41c2?page=12&pos=19&t_sec=1&t_pvid=9de5cc26-ee18-428d-9b00-b1b2d8188f1e&hd=false
1000000,180,3,2,1,https://casas.mitula.cl/adform/24301-256-72c1-ebbd46a7a570-9a24-19dc9e8-f2bc?page=14&pos=8&t_sec=1&t_pvid=337f6768-d109-45b0-8694-92d38de5ef96&hd=false
700000,100,3,2,0,https://casas.mitula.cl/adform/24301-256-72db-140161200c02-8237-19cfbee-f81c?page=13&pos=28&t_sec=1&t_pvid=5814020f-729b-4e8b-adb1-9a87e70d6d8e&hd=false
600000,58,3,2,0,https://casas.mitula.cl/adform/24301-256-72ee-1ee3713ca5a8-8a95-19d029e-40e0?page=13&pos=11&t_sec=1&t_pvid=5814020f-729b-4e8b-adb1-9a87e70d6d8e&hd=false
650000,67,2,2,0,https://casas.mitula.cl/adform/24301-256-72f0-148bc2468522-8ca0-19d7adc-19f5?page=11&pos=7&t_sec=1&t_pvid=f9d0735c-42cf-4c30-9bca-32b51ce076b7&hd=false
470000,45,2,1,1,https://casas.mitula.cl/adform/24301-256-7302-190ea91346b5-b638-19ddde9-2770?page=10&pos=9&t_sec=1&t_pvid=af630042-f96a-46bd-b0a6-777dc8d00cb7&hd=false
1200000,97,3,2,0,https://casas.mitula.cl/adform/24301-256-7306-6e50cac13a13-984a-19dcd41-2c60?page=3&pos=20&t_sec=1&t_pvid=fca5eec1-8dac-4aef-b40b-b0bc37e1cf1c&hd=false
800000,88,3,2,0,https://casas.mitula.cl/adform/24301-256-730e-bd4cd9de0efd-b65a-19de2e1-ae41?page=3&pos=8&t_sec=1&t_pvid=fca5eec1-8dac-4aef-b40b-b0bc37e1cf1c&hd=false
470000,55,3,1,1,https://casas.mitula.cl/adform/24301-256-7327-e2789c876fdf-8926-1950340-1289?page=1&pos=25&t_sec=1&t_pvid=521187bd-ff52-4d42-896b-df1805fb0df6&hd=false
350000,34,1,1,0,https://casas.mitula.cl/adform/24301-256-7329-15e9c089f0c1-b1ac-1960301-b012?page=1&pos=26&t_sec=1&t_pvid=521187bd-ff52-4d42-896b-df1805fb0df6&hd=false
500000,50,3,2,1,https://casas.mitula.cl/adform/24301-256-7336-8d2660557419-9318-19cc35b-cc8e?page=14&pos=20&t_sec=1&t_pvid=337f6768-d109-45b0-8694-92d38de5ef96&hd=false
500000,64,2,1,1,https://casas.mitula.cl/adform/24301-256-7338-552a447f65fc-8298-19db26d-d9ac?page=15&pos=18&t_sec=1&t_pvid=c4c81812-32c7-4ee1-a9f8-7a32717e1092&hd=false
415000,40,1,1,1,https://casas.mitula.cl/adform/24301-256-733c-45247f67bb0-b824-19c7791-6b7?page=15&pos=7&t_sec=1&t_pvid=c4c81812-32c7-4ee1-a9f8-7a32717e1092&hd=false
510000,60,3,1,0,https://casas.mitula.cl/adform/24301-256-7347-a379cc691cbd-9dc1-19db042-c684?page=6&pos=8&t_sec=1&t_pvid=d8b8cd06-36f6-4b7d-84d6-73b27ecd1dba&hd=false
480000,42,2,2,1,https://casas.mitula.cl/adform/24301-256-734e-7c3ec21eb01c-8edb-19db0ab-dc4?page=9&pos=9&t_sec=1&t_pvid=420b1895-d5dd-4650-8d07-6eda32953489&hd=false
550000,52,3,1,1,https://casas.mitula.cl/adform/24301-256-7359-7ab7e8211fa2-ac5a-19d4e64-a7b?page=7&pos=22&t_sec=1&t_pvid=e9614c1f-ff92-456a-9bbc-28e7451fcb9a&hd=false
750000,80,2,2,0,https://casas.mitula.cl/adform/24301-256-7363-e9b97a6be980-ac4a-19c9664-5b3c?page=4&pos=4&t_sec=1&t_pvid=3ccd29be-7f57-462b-99a8-66ed9b57e208&hd=false
750000,94,3,2,1,https://casas.mitula.cl/adform/24301-256-7393-182a8080b048-8600-19c819a-f18d?page=12&pos=9&t_sec=1&t_pvid=9de5cc26-ee18-428d-9b00-b1b2d8188f1e&hd=false
580000,60,2,2,0,https://casas.mitula.cl/adform/24301-256-739c-5449c0cfb41e-8b13-19d31b8-dbbd?page=2&pos=17&t_sec=1&t_pvid=e02a8ce9-5325-4d77-8de1-7f42945da528&hd=false
120000,95,3,2,0,https://casas.mitula.cl/adform/24301-256-73b4-c150bfec72b0-9e87-199c901-4b98?page=4&pos=5&t_sec=1&t_pvid=3ccd29be-7f57-462b-99a8-66ed9b57e208&hd=false
120000,104,3,2,1,https://casas.mitula.cl/adform/24301-256-73be-4b7dd6e59e49-b3de-19625da-3e7?page=1&pos=18&t_sec=1&t_pvid=521187bd-ff52-4d42-896b-df1805fb0df6&hd=false
485000,56,2,2,0,https://casas.mitula.cl/adform/24301-256-73c2-9a17cd7a4814-9474-19c04b5-5af0?page=6&pos=3&t_sec=1&t_pvid=d8b8cd06-36f6-4b7d-84d6-73b27ecd1dba&hd=false
500000,56,2,1,1,https://casas.mitula.cl/adform/24301-256-73cb-2357acaa4216-95b1-19dc152-c972?page=11&pos=2&t_sec=1&t_pvid=f9d0735c-42cf-4c30-9bca-32b51ce076b7&hd=false
120000,94,3,2,0,https://casas.mitula.cl/adform/24301-256-73d6-521832ace031-be64-199c901-5917?page=4&pos=15&t_sec=1&t_pvid=3ccd29be-7f57-462b-99a8-66ed9b57e208&hd=false
400000,60,2,1,0,https://casas.mitula.cl/adform/24301-256-73e6-cce9e50d81bb-a7cb-19c5898-c740?page=13&pos=14&t_sec=1&t_pvid=5814020f-729b-4e8b-adb1-9a87e70d6d8e&hd=false
700000,100,3,2,1,https://casas.mitula.cl/adform/24301-256-73ea-fc3d69c5c2e0-be67-19cf978-9ef1?page=12&pos=22&t_sec=1&t_pvid=9de5cc26-ee18-428d-9b00-b1b2d8188f1e&hd=false
600000,57,2,2,1,https://casas.mitula.cl/adform/24301-256-73f0-b0b8ea858b3b-b5a9-19a268d-f03b?page=7&pos=24&t_sec=1&t_pvid=e9614c1f-ff92-456a-9bbc-28e7451fcb9a&hd=false
900000,148,4,3,0,https://casas.mitula.cl/adform/24301-256-7407-b7bad6e91fe9-ab5b-199a509-e8a?page=17&pos=13&t_sec=1&t_pvid=ae3fb8b3-99b4-483d-9d8c-1e3f66935507&hd=false
490000,62,3,2,0,https://casas.mitula.cl/adform/24301-256-7415-ca45d0c235e2-adcb-19b05e1-6767?page=5&pos=27&t_sec=1&t_pvid=bf6ce94d-1cd4-4b7e-af62-9d7888853053&hd=false
680000,77,3,2,1,https://casas.mitula.cl/adform/24301-256-741e-ece157bb6003-9c98-19ac3b0-7e94?page=1&pos=23&t_sec=1&t_pvid=521187bd-ff52-4d42-896b-df1805fb0df6&hd=false
430000,52,3,2,1,https://casas.mitula.cl/adform/24301-256-7420-2897a119624c-94b6-19ce8b9-a90a?page=8&pos=2&t_sec=1&t_pvid=6580b1e5-e95e-4bbc-ad22-41128c931115&hd=false
560000,176,2,2,0,https://casas.mitula.cl/adform/24301-256-742b-8ac860e948ed-ad89-19d494e-a135?page=6&pos=5&t_sec=1&t_pvid=d8b8cd06-36f6-4b7d-84d6-73b27ecd1dba&hd=false
500000,58,2,2,1,https://casas.mitula.cl/adform/24301-256-742d-65bb820f961-aff5-19ca476-34b7?page=14&pos=6&t_sec=1&t_pvid=337f6768-d109-45b0-8694-92d38de5ef96&hd=false
450000,58,3,2,0,https://casas.mitula.cl/adform/24301-256-742e-313d8524c57-b200-19db0ab-1e21?page=9&pos=5&t_sec=1&t_pvid=420b1895-d5dd-4650-8d07-6eda32953489&hd=false
500000,53,3,1,0,https://casas.mitula.cl/adform/24301-256-742f-c6d7242d49f1-919a-19d7271-2e3a?page=17&pos=3&t_sec=1&t_pvid=ae3fb8b3-99b4-483d-9d8c-1e3f66935507&hd=false
550000,58,2,2,1,https://casas.mitula.cl/adform/24301-256-7432-899d007bb4b6-a39c-1951022-54ef?page=2&pos=4&t_sec=1&t_pvid=e02a8ce9-5325-4d77-8de1-7f42945da528&hd=false
700000,67,2,2,1,https://casas.mitula.cl/adform/24301-256-7448-2432fb7b8042-c08a-199d384-dce6?page=1&pos=15&t_sec=1&t_pvid=521187bd-ff52-4d42-896b-df1805fb0df6&hd=false
460000,58,3,2,1,https://casas.mitula.cl/adform/24301-256-7448-a61165723459-b078-19cc001-377c?page=7&pos=20&t_sec=1&t_pvid=e9614c1f-ff92-456a-9bbc-28e7451fcb9a&hd=false
550000,47,2,2,0,https://casas.mitula.cl/adform/24301-256-744e-1be7905d0512-afa6-19c88d0-737e?page=16&pos=1&t_sec=1&t_pvid=ce484b53-61c1-491e-9939-9b737527fe67&hd=false
490000,47,2,1,1,https://casas.mitula.cl/adform/24301-256-7474-8955bc2bc989-ad31-19cdd17-4980?page=12&pos=14&t_sec=1&t_pvid=9de5cc26-ee18-428d-9b00-b1b2d8188f1e&hd=false
480000,43,1,1,1,https://casas.mitula.cl/adform/24301-256-7476-f83ca722e071-a115-19d9b8b-ef5d?page=9&pos=29&t_sec=1&t_pvid=420b1895-d5dd-4650-8d07-6eda32953489&hd=false
600000,60,2,2,1,https://casas.mitula.cl/adform/24301-256-747a-3f3f680edeb0-ad2b-19ce37a-d8ae?page=12&pos=23&t_sec=1&t_pvid=9de5cc26-ee18-428d-9b00-b1b2d8188f1e&hd=false
580000,54,2,2,1,https://casas.mitula.cl/adform/24301-256-747e-9dc936ca8737-88df-19d1d17-4f8a?page=15&pos=20&t_sec=1&t_pvid=c4c81812-32c7-4ee1-a9f8-7a32717e1092&hd=false
500000,57,3,2,0,https://casas.mitula.cl/adform/24301-256-747e-f29433521c5e-825e-19cab48-88e6?page=13&pos=25&t_sec=1&t_pvid=5814020f-729b-4e8b-adb1-9a87e70d6d8e&hd=false
480000,44,2,1,1,https://casas.mitula.cl/adform/24301-256-748d-511adf9cf059-9154-19db4ac-57f1?page=15&pos=10&t_sec=1&t_pvid=c4c81812-32c7-4ee1-a9f8-7a32717e1092&hd=false
460000,30,2,1,0,https://casas.mitula.cl/adform/24301-256-749a-8623375401ec-b67f-19dd405-460c?page=17&pos=6&t_sec=1&t_pvid=ae3fb8b3-99b4-483d-9d8c-1e3f66935507&hd=false
400000,55,3,2,1,https://casas.mitula.cl/adform/24301-256-74a9-7a668410a417-9d81-19bed78-fe30?page=14&pos=21&t_sec=1&t_pvid=337f6768-d109-45b0-8694-92d38de5ef96&hd=false
480000,53,2,2,1,https://casas.mitula.cl/adform/24301-256-74b8-aea3be6bd06c-bd7d-19c49e7-ebdb?page=8&pos=23&t_sec=1&t_pvid=6580b1e5-e95e-4bbc-ad22-41128c931115&hd=false
370000,30,1,1,0,https://casas.mitula.cl/adform/24301-256-74b9-6674115ae4c7-a462-19de3ca-4c2f?page=3&pos=11&t_sec=1&t_pvid=fca5eec1-8dac-4aef-b40b-b0bc37e1cf1c&hd=false
700000,97,3,2,0,https://casas.mitula.cl/adform/24301-256-74c4-95192f0dacb5-939a-19d2018-21a3?page=3&pos=21&t_sec=1&t_pvid=fca5eec1-8dac-4aef-b40b-b0bc37e1cf1c&hd=false
490000,50,2,2,0,https://casas.mitula.cl/adform/24301-256-74d3-39a577f27a21-84a8-19cfa1d-946c?page=16&pos=11&t_sec=1&t_pvid=ce484b53-61c1-491e-9939-9b737527fe67&hd=false
650000,65,2,1,1,https://casas.mitula.cl/adform/24301-256-74ee-5ad62e61d9e2-864b-19dc153-1d41?page=14&pos=1&t_sec=1&t_pvid=337f6768-d109-45b0-8694-92d38de5ef96&hd=false
500000,47,2,2,1,https://casas.mitula.cl/adform/24301-256-7503-1e9353c5d8d4-a7d6-19d7e66-1858?page=12&pos=21&t_sec=1&t_pvid=9de5cc26-ee18-428d-9b00-b1b2d8188f1e&hd=false
650000,65,2,2,0,https://casas.mitula.cl/adform/24301-256-750a-963f06bea8a5-b61c-19bdba0-3d18?page=11&pos=9&t_sec=1&t_pvid=f9d0735c-42cf-4c30-9bca-32b51ce076b7&hd=false
580000,52,2,2,1,https://casas.mitula.cl/adform/24301-256-7514-1e84ec838ce8-9cb1-19db170-1853?page=8&pos=18&t_sec=1&t_pvid=6580b1e5-e95e-4bbc-ad22-41128c931115&hd=false
550000,65,3,2,1,https://casas.mitula.cl/adform/24301-256-7517-c0b758feb611-bbfc-19bb257-4e2d?page=8&pos=8&t_sec=1&t_pvid=6580b1e5-e95e-4bbc-ad22-41128c931115&hd=false
550000,41,2,1,0,https://casas.mitula.cl/adform/24301-256-751d-f451204d4720-bd58-191975f-b547?page=17&pos=5&t_sec=1&t_pvid=ae3fb8b3-99b4-483d-9d8c-1e3f66935507&hd=false
900000,70,2,2,1,https://casas.mitula.cl/adform/24301-256-7525-eef630938af7-8130-19db538-fe60?page=11&pos=6&t_sec=1&t_pvid=f9d0735c-42cf-4c30-9bca-32b51ce076b7&hd=false
790000,64,2,2,1,https://casas.mitula.cl/adform/24301-256-752e-e1d49addd44d-aef0-19d4031-268a?page=15&pos=3&t_sec=1&t_pvid=c4c81812-32c7-4ee1-a9f8-7a32717e1092&hd=false
650000,52,2,1,1,https://casas.mitula.cl/adform/24301-256-7543-a795851ebafe-8814-19c5964-490a?page=15&pos=17&t_sec=1&t_pvid=c4c81812-32c7-4ee1-a9f8-7a32717e1092&hd=false
550000,57,2,2,1,https://casas.mitula.cl/adform/24301-256-7546-649754d78c4b-9ef8-19bdba8-2bd?page=10&pos=5&t_sec=1&t_pvid=af630042-f96a-46bd-b0a6-777dc8d00cb7&hd=false
135000,115,4,2,1,https://casas.mitula.cl/adform/24301-256-7548-497e8e894bb-b72b-19328ac-fabb?page=2&pos=10&t_sec=1&t_pvid=e02a8ce9-5325-4d77-8de1-7f42945da528&hd=false
900000,114,3,2,0,https://casas.mitula.cl/adform/24301-256-756d-8b6f170a4dc7-8bba-199899b-8bc9?page=3&pos=28&t_sec=1&t_pvid=fca5eec1-8dac-4aef-b40b-b0bc37e1cf1c&hd=false
400000,55,3,1,0,https://casas.mitula.cl/adform/24301-256-757f-262cf7c2d3c4-9397-19cfeca-8806?page=13&pos=16&t_sec=1&t_pvid=5814020f-729b-4e8b-adb1-9a87e70d6d8e&hd=false
600000,62,2,2,0,https://casas.mitula.cl/adform/24301-256-758b-5c8003975f53-8aa1-19d79bc-643b?page=5&pos=26&t_sec=1&t_pvid=bf6ce94d-1cd4-4b7e-af62-9d7888853053&hd=false
550000,65,2,1,1,https://casas.mitula.cl/adform/24301-256-758d-fff768fa354c-c05c-19ce8d8-6098?page=9&pos=25&t_sec=1&t_pvid=420b1895-d5dd-4650-8d07-6eda32953489&hd=false
500000,65,2,2,0,https://casas.mitula.cl/adform/24301-256-7592-6861e49e02b1-972e-19d4064-bd56?page=5&pos=10&t_sec=1&t_pvid=bf6ce94d-1cd4-4b7e-af62-9d7888853053&hd=false
450000,49,3,2,1,https://casas.mitula.cl/adform/24301-256-7593-359e5d25dc84-c09b-19ae069-8453?page=8&pos=24&t_sec=1&t_pvid=6580b1e5-e95e-4bbc-ad22-41128c931115&hd=false
450000,43,1,1,0,https://casas.mitula.cl/adform/24301-256-7594-245193c55b0d-8197-19d77a5-c18?page=16&pos=18&t_sec=1&t_pvid=ce484b53-61c1-491e-9939-9b737527fe67&hd=false
430000,34,1,1,1,https://casas.mitula.cl/adform/24301-256-7594-7bc0a939c382-b2d0-19d30ca-d25e?page=14&pos=14&t_sec=1&t_pvid=337f6768-d109-45b0-8694-92d38de5ef96&hd=false
1200000,120,3,2,0,https://casas.mitula.cl/adform/24301-256-7598-42d82a9eeec3-8bf4-19de053-1be2?page=3&pos=6&t_sec=1&t_pvid=fca5eec1-8dac-4aef-b40b-b0bc37e1cf1c&hd=false
1000000,89,2,2,0,https://casas.mitula.cl/adform/24301-256-759b-78cea41ac1ad-9443-19b8b66-331e?page=5&pos=5&t_sec=1&t_pvid=bf6ce94d-1cd4-4b7e-af62-9d7888853053&hd=false
600000,95,3,3,1,https://casas.mitula.cl/adform/24301-256-75b1-a7ee50da8360-b3d1-19db025-28d7?page=10&pos=2&t_sec=1&t_pvid=af630042-f96a-46bd-b0a6-777dc8d00cb7&hd=false
425000,37,1,1,1,https://casas.mitula.cl/adform/24301-256-75b2-fcbe19636e74-b4b8-19d7272-4b77?page=13&pos=5&t_sec=1&t_pvid=5814020f-729b-4e8b-adb1-9a87e70d6d8e&hd=false
400000,43,1,1,0,https://casas.mitula.cl/adform/24301-256-75be-b694c4a6fae2-9233-19d63d8-de1a?page=17&pos=8&t_sec=1&t_pvid=ae3fb8b3-99b4-483d-9d8c-1e3f66935507&hd=false
500000,50,3,1,1,https://casas.mitula.cl/adform/24301-256-75e8-29aea2b87279-a587-19d45b7-8bbc?page=15&pos=6&t_sec=1&t_pvid=c4c81812-32c7-4ee1-a9f8-7a32717e1092&hd=false
100000,70,2,2,0,https://casas.mitula.cl/adform/24301-256-761e-1bbe2878ec14-a382-199c901-2d96?page=4&pos=21&t_sec=1&t_pvid=3ccd29be-7f57-462b-99a8-66ed9b57e208&hd=false
480000,65,3,1,1,https://casas.mitula.cl/adform/24301-256-762a-7868ccb3bf74-8a69-19d9381-39e2?page=2&pos=3&t_sec=1&t_pvid=e02a8ce9-5325-4d77-8de1-7f42945da528&hd=false
550000,76,2,2,1,https://casas.mitula.cl/adform/24301-256-762b-bbca117668e7-b071-19dbdf6-120d?page=1&pos=19&t_sec=1&t_pvid=521187bd-ff52-4d42-896b-df1805fb0df6&hd=false
650000,69,3,2,1,https://casas.mitula.cl/adform/24301-256-763d-42e0fa63fe72-a59c-1999238-b0c5?page=14&pos=22&t_sec=1&t_pvid=337f6768-d109-45b0-8694-92d38de5ef96&hd=false
620000,55,3,2,0,https://casas.mitula.cl/adform/24301-256-763e-bea725ba0a99-9a6a-19dbafc-3b19?page=11&pos=8&t_sec=1&t_pvid=f9d0735c-42cf-4c30-9bca-32b51ce076b7&hd=false
680000,60,3,2,1,https://casas.mitula.cl/adform/24301-256-7650-1b3ff45fa2e2-b3a9-19d6ec2-70af?page=10&pos=23&t_sec=1&t_pvid=af630042-f96a-46bd-b0a6-777dc8d00cb7&hd=false
650000,70,2,2,1,https://casas.mitula.cl/adform/24301-256-7669-2cf8950b0432-9c12-19d995f-6f5b?page=8&pos=16&t_sec=1&t_pvid=6580b1e5-e95e-4bbc-ad22-41128c931115&hd=false
500000,45,2,2,1,https://casas.mitula.cl/adform/24301-256-768c-6079a42b46ec-b251-19cc69d-f334?page=1&pos=8&t_sec=1&t_pvid=521187bd-ff52-4d42-896b-df1805fb0df6&hd=false
500000,55,2,2,0,https://casas.mitula.cl/adform/24301-256-7697-ff3f09b3e2e9-928f-19c4933-f46a?page=13&pos=13&t_sec=1&t_pvid=5814020f-729b-4e8b-adb1-9a87e70d6d8e&hd=false
570000,56,2,2,1,https://casas.mitula.cl/adform/24301-256-769a-5a15cab451-aa1d-19dc192-c85d?page=15&pos=4&t_sec=1&t_pvid=c4c81812-32c7-4ee1-a9f8-7a32717e1092&hd=false
960000,90,2,2,0,https://casas.mitula.cl/adform/24301-256-76a3-6bd52574a0b4-850a-19cdf49-8cfb?page=5&pos=4&t_sec=1&t_pvid=bf6ce94d-1cd4-4b7e-af62-9d7888853053&hd=false
480000,53,2,2,0,https://casas.mitula.cl/adform/24301-256-76ae-ee28f4f2fead-be64-19d69a9-7aff?page=13&pos=12&t_sec=1&t_pvid=5814020f-729b-4e8b-adb1-9a87e70d6d8e&hd=false
550000,65,3,2,1,https://casas.mitula.cl/adform/24301-256-76b6-3e2af867cb55-ae6d-19d6905-2243?page=8&pos=15&t_sec=1&t_pvid=6580b1e5-e95e-4bbc-ad22-41128c931115&hd=false
550000,70,2,2,1,https://casas.mitula.cl/adform/24301-256-76bc-7b8e9d7c6603-9688-19c3d72-9895?page=9&pos=19&t_sec=1&t_pvid=420b1895-d5dd-4650-8d07-6eda32953489&hd=false
480000,51,3,1,1,https://casas.mitula.cl/adform/24301-256-76d6-e6c1e2bb1f9-8bfc-19d72e1-73b0?page=12&pos=29&t_sec=1&t_pvid=9de5cc26-ee18-428d-9b00-b1b2d8188f1e&hd=false
500000,55,2,2,0,https://casas.mitula.cl/adform/24301-256-76e1-82e8d54c4848-88e5-19ae977-7901?page=14&pos=10&t_sec=1&t_pvid=337f6768-d109-45b0-8694-92d38de5ef96&hd=false
900000,105,4,3,1,https://casas.mitula.cl/adform/24301-256-770b-2dd580da7a0f-9fee-19ddde8-c6e7?page=13&pos=1&t_sec=1&t_pvid=5814020f-729b-4e8b-adb1-9a87e70d6d8e&hd=false
635000,40,2,1,1,https://casas.mitula.cl/adform/24301-256-770e-33c0405784c3-898a-19ce2d0-8067?page=14&pos=5&t_sec=1&t_pvid=337f6768-d109-45b0-8694-92d38de5ef96&hd=false
1200000,140,4,3,0,https://casas.mitula.cl/adform/24301-256-7718-90193dac124a-8c2d-19b9bf0-c5bc?page=3&pos=10&t_sec=1&t_pvid=fca5eec1-8dac-4aef-b40b-b0bc37e1cf1c&hd=false
840000,90,2,2,0,https://casas.mitula.cl/adform/24301-256-7752-d05ee8c13b94-9a03-19db6a5-9d8?page=5&pos=22&t_sec=1&t_pvid=bf6ce94d-1cd4-4b7e-af62-9d7888853053&hd=false
500000,58,2,2,1,https://casas.mitula.cl/adform/24301-256-7761-c1b302a023ca-bcf4-1953a8f-5cee?page=2&pos=7&t_sec=1&t_pvid=e02a8ce9-5325-4d77-8de1-7f42945da528&hd=false
650000,65,2,1,1,https://casas.mitula.cl/adform/24301-256-7766-fe5997f559b6-a260-196cb37-50e6?page=10&pos=20&t_sec=1&t_pvid=af630042-f96a-46bd-b0a6-777dc8d00cb7&hd=false
120000,85,3,2,1,https://casas.mitula.cl/adform/24301-256-776d-bdc8264dc73b-b34d-1934c1f-bc70?page=12&pos=25&t_sec=1&t_pvid=9de5cc26-ee18-428d-9b00-b1b2d8188f1e&hd=false
110000,85,3,2,1,https://casas.mitula.cl/adform/24301-256-776d-c52653caa279-b34d-1934c3c-e054?page=15&pos=0&t_sec=1&t_pvid=c4c81812-32c7-4ee1-a9f8-7a32717e1092&hd=false
130000,110,4,3,1,https://casas.mitula.cl/adform/24301-256-776d-ea78e3ab0759-b34d-1934c68-2b6a?page=14&pos=26&t_sec=1&t_pvid=337f6768-d109-45b0-8694-92d38de5ef96&hd=false
120000,85,3,2,1,https://casas.mitula.cl/adform/24301-256-776d-f3ab428cc2a2-b34d-1934c6b-c574?page=14&pos=25&t_sec=1&t_pvid=337f6768-d109-45b0-8694-92d38de5ef96&hd=false
110000,70,2,2,1,https://casas.mitula.cl/adform/24301-256-776f-a9803df4a4bb-8598-1931301-220c?page=10&pos=7&t_sec=1&t_pvid=af630042-f96a-46bd-b0a6-777dc8d00cb7&hd=false
550000,65,2,2,0,https://casas.mitula.cl/adform/24301-256-778f-5a45d89f7494-8e33-19d120b-e5ef?page=5&pos=23&t_sec=1&t_pvid=bf6ce94d-1cd4-4b7e-af62-9d7888853053&hd=false
600000,63,2,2,1,https://casas.mitula.cl/adform/24301-256-779a-2e3636fbff65-9449-19dcff1-ede?page=9&pos=21&t_sec=1&t_pvid=420b1895-d5dd-4650-8d07-6eda32953489&hd=false
350000,56,3,1,1,https://casas.mitula.cl/adform/24301-256-779b-c9263316a4a1-ba74-19d7e1b-7d36?page=12&pos=12&t_sec=1&t_pvid=9de5cc26-ee18-428d-9b00-b1b2d8188f1e&hd=false
480000,50,3,1,0,https://casas.mitula.cl/adform/24301-256-77ab-b4c15507c4e3-8abd-19d223c-46e4?page=8&pos=27&t_sec=1&t_pvid=6580b1e5-e95e-4bbc-ad22-41128c931115&hd=false
550000,85,2,2,0,https://casas.mitula.cl/adform/24301-256-77b8-dc2e504eb150-b55a-19d0299-aedf?page=5&pos=24&t_sec=1&t_pvid=bf6ce94d-1cd4-4b7e-af62-9d7888853053&hd=false
500000,45,2,1,1,https://casas.mitula.cl/adform/24301-256-77bb-38b6546d9050-a4b4-19de3bd-73da?page=11&pos=28&t_sec=1&t_pvid=f9d0735c-42cf-4c30-9bca-32b51ce076b7&hd=false
450000,54,2,2,0,https://casas.mitula.cl/adform/24301-256-77d1-87b39c702baa-a5e4-199899b-85eb?page=4&pos=18&t_sec=1&t_pvid=3ccd29be-7f57-462b-99a8-66ed9b57e208&hd=false
550000,53,2,2,0,https://casas.mitula.cl/adform/24301-256-77e4-e4341e1f2f21-8d99-19d74a2-5150?page=16&pos=0&t_sec=1&t_pvid=ce484b53-61c1-491e-9939-9b737527fe67&hd=false
580000,55,2,2,1,https://casas.mitula.cl/adform/24301-256-77ed-fd22ad03f9ef-a45e-19d7948-d7f0?page=2&pos=2&t_sec=1&t_pvid=e02a8ce9-5325-4d77-8de1-7f42945da528&hd=false
490000,40,1,1,0,https://casas.mitula.cl/adform/24301-256-77f3-d8cba32d95cd-94a3-19d0da2-e1a7?page=16&pos=13&t_sec=1&t_pvid=ce484b53-61c1-491e-9939-9b737527fe67&hd=false
350000,38,1,1,0,https://casas.mitula.cl/adform/24301-256-7821-75f0e7ca4b24-adda-19de30c-811f?page=15&pos=15&t_sec=1&t_pvid=c4c81812-32c7-4ee1-a9f8-7a32717e1092&hd=false
630000,72,3,2,0,https://casas.mitula.cl/adform/24301-256-7823-21bf3ea2555d-a0f1-19b3317-15f6?page=13&pos=10&t_sec=1&t_pvid=5814020f-729b-4e8b-adb1-9a87e70d6d8e&hd=false
120000,120,3,2,0,https://casas.mitula.cl/adform/24301-256-7832-afdca18679d-8282-199c901-52e0?page=4&pos=22&t_sec=1&t_pvid=3ccd29be-7f57-462b-99a8-66ed9b57e208&hd=false
390000,55,2,1,1,https://casas.mitula.cl/adform/24301-256-7839-dcc051b535c7-84ac-19b2439-f697?page=10&pos=18&t_sec=1&t_pvid=af630042-f96a-46bd-b0a6-777dc8d00cb7&hd=false
680000,60,2,2,0,https://casas.mitula.cl/adform/24301-256-784d-eac8a1c28ece-9bf6-19bb257-4854?page=13&pos=19&t_sec=1&t_pvid=5814020f-729b-4e8b-adb1-9a87e70d6d8e&hd=false
580000,65,2,2,1,https://casas.mitula.cl/adform/24301-256-7852-2bb8799692d5-9212-19cee84-c550?page=2&pos=6&t_sec=1&t_pvid=e02a8ce9-5325-4d77-8de1-7f42945da528&hd=false
790000,64,2,2,1,https://casas.mitula.cl/adform/24301-256-785a-83db8af733ab-8cc1-19d4517-5374?page=15&pos=5&t_sec=1&t_pvid=c4c81812-32c7-4ee1-a9f8-7a32717e1092&hd=false
400000,60,3,1,0,https://casas.mitula.cl/adform/24301-256-785b-ad1254a2a89f-af71-19d4403-8eb7?page=13&pos=23&t_sec=1&t_pvid=5814020f-729b-4e8b-adb1-9a87e70d6d8e&hd=false
580000,58,2,2,1,https://casas.mitula.cl/adform/24301-256-7860-c1fe7e9e8be7-8ef8-19b9f08-22cf?page=8&pos=0&t_sec=1&t_pvid=6580b1e5-e95e-4bbc-ad22-41128c931115&hd=false
600000,86,2,2,0,https://casas.mitula.cl/adform/24301-256-7862-a9843b11e112-b3e5-19cbf83-fef1?page=5&pos=28&t_sec=1&t_pvid=bf6ce94d-1cd4-4b7e-af62-9d7888853053&hd=false
950000,132,3,2,1,https://casas.mitula.cl/adform/24301-256-7863-95a35bc4c994-8997-19d42a5-9922?page=12&pos=16&t_sec=1&t_pvid=9de5cc26-ee18-428d-9b00-b1b2d8188f1e&hd=false
840000,85,3,2,0,https://casas.mitula.cl/adform/24301-256-7864-4298149900ad-b447-19b52bf-6c38?page=9&pos=0&t_sec=1&t_pvid=420b1895-d5dd-4650-8d07-6eda32953489&hd=false
450000,48,3,2,1,https://casas.mitula.cl/adform/24301-256-786c-cfc7d473a3a6-817d-19b47cd-bc6d?page=1&pos=10&t_sec=1&t_pvid=521187bd-ff52-4d42-896b-df1805fb0df6&hd=false
650000,70,2,5,1,https://casas.mitula.cl/adform/24301-256-786d-fc3892c9055e-a335-19c8225-81da?page=1&pos=29&t_sec=1&t_pvid=521187bd-ff52-4d42-896b-df1805fb0df6&hd=false
145000,130,4,3,1,https://casas.mitula.cl/adform/24301-256-7870-dbf6789f870a-8b35-193124e-8e2?page=2&pos=11&t_sec=1&t_pvid=e02a8ce9-5325-4d77-8de1-7f42945da528&hd=false
120000,80,3,2,1,https://casas.mitula.cl/adform/24301-256-7870-e69fbfa4890e-8b35-1931263-7dce?page=11&pos=12&t_sec=1&t_pvid=f9d0735c-42cf-4c30-9bca-32b51ce076b7&hd=false
120000,100,3,2,1,https://casas.mitula.cl/adform/24301-256-7870-f6217c08fc10-8b35-1931286-9ced?page=11&pos=13&t_sec=1&t_pvid=f9d0735c-42cf-4c30-9bca-32b51ce076b7&hd=false
100000,60,2,2,1,https://casas.mitula.cl/adform/24301-256-7870-fc37ee09450a-8b35-1931294-a91?page=2&pos=16&t_sec=1&t_pvid=e02a8ce9-5325-4d77-8de1-7f42945da528&hd=false
550000,60,2,2,1,https://casas.mitula.cl/adform/24301-256-787b-688f6e8df57d-9117-19d1d6c-9ee3?page=2&pos=8&t_sec=1&t_pvid=e02a8ce9-5325-4d77-8de1-7f42945da528&hd=false
630000,85,3,2,0,https://casas.mitula.cl/adform/24301-256-787d-da4bb09138a9-88a0-19db2e7-fa28?page=3&pos=7&t_sec=1&t_pvid=fca5eec1-8dac-4aef-b40b-b0bc37e1cf1c&hd=false
110000,85,2,2,1,https://casas.mitula.cl/adform/24301-256-787f-43543bc90ef9-ab3b-1930954-6aab?page=2&pos=12&t_sec=1&t_pvid=e02a8ce9-5325-4d77-8de1-7f42945da528&hd=false
120000,68,2,2,1,https://casas.mitula.cl/adform/24301-256-787f-4a966da85844-ab3b-1930976-4643?page=14&pos=29&t_sec=1&t_pvid=337f6768-d109-45b0-8694-92d38de5ef96&hd=false
510000,70,3,2,1,https://casas.mitula.cl/adform/24301-256-787f-52d448985122-b4e8-19d42ac-99e1?page=8&pos=14&t_sec=1&t_pvid=6580b1e5-e95e-4bbc-ad22-41128c931115&hd=false
120000,110,3,2,1,https://casas.mitula.cl/adform/24301-256-787f-55177e44a09c-ab3b-1930987-ec42?page=15&pos=2&t_sec=1&t_pvid=c4c81812-32c7-4ee1-a9f8-7a32717e1092&hd=false
120000,110,3,2,1,https://casas.mitula.cl/adform/24301-256-787f-5cf3adc12517-ab3b-1930996-8039?page=12&pos=27&t_sec=1&t_pvid=9de5cc26-ee18-428d-9b00-b1b2d8188f1e&hd=false
120000,75,3,2,1,https://casas.mitula.cl/adform/24301-256-787f-6266a50341e1-ab3b-19309a7-c9ae?page=12&pos=26&t_sec=1&t_pvid=9de5cc26-ee18-428d-9b00-b1b2d8188f1e&hd=false
450000,44,2,1,0,https://casas.mitula.cl/adform/24301-256-787f-74f8986faf73-99be-19d58b1-556?page=16&pos=29&t_sec=1&t_pvid=ce484b53-61c1-491e-9939-9b737527fe67&hd=false
400000,52,2,2,0,https://casas.mitula.cl/adform/24301-256-788f-1781b64b7b65-8d80-19c5708-7724?page=16&pos=12&t_sec=1&t_pvid=ce484b53-61c1-491e-9939-9b737527fe67&hd=false
590000,54,2,2,1,https://casas.mitula.cl/adform/24301-256-7890-817da78f7ac8-a5be-19db2d4-fa9a?page=8&pos=13&t_sec=1&t_pvid=6580b1e5-e95e-4bbc-ad22-41128c931115&hd=false
950000,130,3,2,1,https://casas.mitula.cl/adform/24301-256-7895-d83b56348811-9505-19d31a7-920b?page=2&pos=1&t_sec=1&t_pvid=e02a8ce9-5325-4d77-8de1-7f42945da528&hd=false
420000,72,2,1,0,https://casas.mitula.cl/adform/24301-256-789b-9fe841707b6d-b1e2-19bfc15-3bff?page=2&pos=19&t_sec=1&t_pvid=e02a8ce9-5325-4d77-8de1-7f42945da528&hd=false
490000,56,3,2,0,https://casas.mitula.cl/adform/24301-256-78a4-6c549328954d-b74c-19b0ba7-411a?page=2&pos=22&t_sec=1&t_pvid=e02a8ce9-5325-4d77-8de1-7f42945da528&hd=false
600000,54,3,2,1,https://casas.mitula.cl/adform/24301-256-78aa-b4fa9a677781-91c2-1972156-683c?page=11&pos=0&t_sec=1&t_pvid=f9d0735c-42cf-4c30-9bca-32b51ce076b7&hd=false
750000,70,3,2,1,https://casas.mitula.cl/adform/24301-256-78b3-49b717dd9519-841e-19ce494-bfe2?page=1&pos=20&t_sec=1&t_pvid=521187bd-ff52-4d42-896b-df1805fb0df6&hd=false
530000,54,3,1,0,https://casas.mitula.cl/adform/24301-256-78c9-83b9aeb4337a-9b85-19ac054-3b00?page=17&pos=17&t_sec=1&t_pvid=ae3fb8b3-99b4-483d-9d8c-1e3f66935507&hd=false
450000,52,2,1,1,https://casas.mitula.cl/adform/24301-256-78ce-f4581630ab95-b862-19d1bf9-3a7d?page=8&pos=10&t_sec=1&t_pvid=6580b1e5-e95e-4bbc-ad22-41128c931115&hd=false
550000,27,1,1,1,https://casas.mitula.cl/adform/24301-256-78db-bc6f024324bc-93ca-19d8f75-71d1?page=12&pos=1&t_sec=1&t_pvid=9de5cc26-ee18-428d-9b00-b1b2d8188f1e&hd=false
600000,70,2,2,1,https://casas.mitula.cl/adform/24301-256-78f5-37c5d83f6e69-b9af-19d69cb-3bd6?page=14&pos=11&t_sec=1&t_pvid=337f6768-d109-45b0-8694-92d38de5ef96&hd=false
350000,36,1,1,0,https://casas.mitula.cl/adform/24301-256-78fd-3d803af5736f-8f13-19dddec-aab0?page=15&pos=16&t_sec=1&t_pvid=c4c81812-32c7-4ee1-a9f8-7a32717e1092&hd=false
630000,81,2,2,1,https://casas.mitula.cl/adform/24301-256-7909-20d3b9a4427f-8f22-19ce3ef-d001?page=10&pos=3&t_sec=1&t_pvid=af630042-f96a-46bd-b0a6-777dc8d00cb7&hd=false
590000,64,2,2,0,https://casas.mitula.cl/adform/24301-256-7910-af115805268a-a73d-19dbf9b-7fbf?page=13&pos=20&t_sec=1&t_pvid=5814020f-729b-4e8b-adb1-9a87e70d6d8e&hd=false
500000,53,2,2,1,https://casas.mitula.cl/adform/24301-256-791b-40754d77e963-8913-19d4c82-2e71?page=1&pos=6&t_sec=1&t_pvid=521187bd-ff52-4d42-896b-df1805fb0df6&hd=false
520000,50,3,2,0,https://casas.mitula.cl/adform/24301-256-7922-21b25a9aa97c-b8bf-19dd432-e677?page=17&pos=14&t_sec=1&t_pvid=ae3fb8b3-99b4-483d-9d8c-1e3f66935507&hd=false
900000,105,3,2,1,https://casas.mitula.cl/adform/24301-256-7923-63e2453044b3-aa90-19d6904-db7d?page=8&pos=17&t_sec=1&t_pvid=6580b1e5-e95e-4bbc-ad22-41128c931115&hd=false
650000,67,2,2,1,https://casas.mitula.cl/adform/24301-256-792d-661ae05af882-a29c-19c51e2-314b?page=1&pos=5&t_sec=1&t_pvid=521187bd-ff52-4d42-896b-df1805fb0df6&hd=false
500000,45,2,1,0,https://casas.mitula.cl/adform/24301-256-7942-addb9fa56be9-ab64-19d7e66-e4b5?page=13&pos=22&t_sec=1&t_pvid=5814020f-729b-4e8b-adb1-9a87e70d6d8e&hd=false
450000,48,3,1,1,https://casas.mitula.cl/adform/24301-256-7946-8b16a9926142-b940-19a7979-6691?page=9&pos=24&t_sec=1&t_pvid=420b1895-d5dd-4650-8d07-6eda32953489&hd=false
490000,56,3,1,1,https://casas.mitula.cl/adform/24301-256-7963-539438c27d48-9167-19cc69d-eb19?page=1&pos=2&t_sec=1&t_pvid=521187bd-ff52-4d42-896b-df1805fb0df6&hd=false
600000,63,2,2,1,https://casas.mitula.cl/adform/24301-256-7965-84769739a71f-9f0c-19dddea-c2c3?page=15&pos=13&t_sec=1&t_pvid=c4c81812-32c7-4ee1-a9f8-7a32717e1092&hd=false
450000,52,3,1,1,https://casas.mitula.cl/adform/24301-256-798b-89ab693af4f9-baf2-19db26d-1009d?page=11&pos=23&t_sec=1&t_pvid=f9d0735c-42cf-4c30-9bca-32b51ce076b7&hd=false
500000,47,2,1,0,https://casas.mitula.cl/adform/24301-256-7990-a5e6e1dda1e1-8d38-19ce585-7f45?page=5&pos=8&t_sec=1&t_pvid=bf6ce94d-1cd4-4b7e-af62-9d7888853053&hd=false
480000,56,3,1,0,https://casas.mitula.cl/adform/24301-256-7996-c3c9773269b2-a87b-19d2a64-e88f?page=16&pos=19&t_sec=1&t_pvid=ce484b53-61c1-491e-9939-9b737527fe67&hd=false
480000,40,1,1,1,https://casas.mitula.cl/adform/24301-256-799c-f8ae43eadc1-9698-19d7272-5316?page=11&pos=29&t_sec=1&t_pvid=f9d0735c-42cf-4c30-9bca-32b51ce076b7&hd=false
480000,53,2,2,0,https://casas.mitula.cl/adform/24301-256-799f-c1bf29ea0a1-a8c9-19ae069-f5c6?page=2&pos=21&t_sec=1&t_pvid=e02a8ce9-5325-4d77-8de1-7f42945da528&hd=false
520000,70,2,2,0,https://casas.mitula.cl/adform/24301-256-79be-451d610902c5-97a2-19c4e91-849a?page=11&pos=1&t_sec=1&t_pvid=f9d0735c-42cf-4c30-9bca-32b51ce076b7&hd=false
360000,58,3,1,1,https://casas.mitula.cl/adform/24301-256-79d2-12f19d84e16e-aa6d-19c634e-9634?page=7&pos=23&t_sec=1&t_pvid=e9614c1f-ff92-456a-9bbc-28e7451fcb9a&hd=false
530000,55,2,2,1,https://casas.mitula.cl/adform/24301-256-79db-cc845e89852c-90ab-19da820-f89e?page=11&pos=24&t_sec=1&t_pvid=f9d0735c-42cf-4c30-9bca-32b51ce076b7&hd=false
750000,82,2,3,0,https://casas.mitula.cl/adform/24301-256-79e6-4fd143223dec-b3ee-19d7e28-dcde?page=5&pos=11&t_sec=1&t_pvid=bf6ce94d-1cd4-4b7e-af62-9d7888853053&hd=false
500000,62,3,2,0,https://casas.mitula.cl/adform/24301-256-79e8-6fa91ddf96e4-9621-19c75ee-a444?page=16&pos=10&t_sec=1&t_pvid=ce484b53-61c1-491e-9939-9b737527fe67&hd=false
600000,65,2,2,1,https://casas.mitula.cl/adform/24301-256-79ed-be8b2fff6791-a1be-19c51e2-217a?page=1&pos=12&t_sec=1&t_pvid=521187bd-ff52-4d42-896b-df1805fb0df6&hd=false
475000,55,3,1,0,https://casas.mitula.cl/adform/24301-256-79ef-a326f13a873f-8b25-19b2745-e57e?page=17&pos=16&t_sec=1&t_pvid=ae3fb8b3-99b4-483d-9d8c-1e3f66935507&hd=false
750000,70,2,2,0,https://casas.mitula.cl/adform/24301-256-79f6-d4416b6c0fdc-91a5-19d1d15-926d?page=7&pos=16&t_sec=1&t_pvid=e9614c1f-ff92-456a-9bbc-28e7451fcb9a&hd=false
440000,51,2,2,0,https://casas.mitula.cl/adform/24301-256-7a0d-f5776ca1f2bb-971c-19d229d-1265?page=17&pos=4&t_sec=1&t_pvid=ae3fb8b3-99b4-483d-9d8c-1e3f66935507&hd=false
500000,70,3,2,0,https://casas.mitula.cl/adform/24301-256-7a12-f551f58fb227-adee-19ce3a1-980b?page=16&pos=27&t_sec=1&t_pvid=ce484b53-61c1-491e-9939-9b737527fe67&hd=false
450000,56,2,2,0,https://casas.mitula.cl/adform/24301-256-7a14-dd763392ab6f-9659-19db572-60bc?page=16&pos=20&t_sec=1&t_pvid=ce484b53-61c1-491e-9939-9b737527fe67&hd=false
600000,66,3,2,1,https://casas.mitula.cl/adform/24301-256-7a18-fde81dba89c4-b4a2-19c3558-ab73?page=15&pos=22&t_sec=1&t_pvid=c4c81812-32c7-4ee1-a9f8-7a32717e1092&hd=false
600000,60,2,2,0,https://casas.mitula.cl/adform/24301-256-7a34-1274c9013de4-b821-19cfbee-d21b?page=13&pos=24&t_sec=1&t_pvid=5814020f-729b-4e8b-adb1-9a87e70d6d8e&hd=false
450000,50,2,2,0,https://casas.mitula.cl/adform/24301-256-7a61-342c17851007-817c-19aa175-779e?page=6&pos=6&t_sec=1&t_pvid=d8b8cd06-36f6-4b7d-84d6-73b27ecd1dba&hd=false
500000,51,2,1,0,https://casas.mitula.cl/adform/24301-256-7a65-4908b7375bfe-c00b-19d34a4-8e3e?page=17&pos=0&t_sec=1&t_pvid=ae3fb8b3-99b4-483d-9d8c-1e3f66935507&hd=false
700000,65,3,2,1,https://casas.mitula.cl/adform/24301-256-7a65-4d96fe1f691d-ad35-19cf6db-dec9?page=14&pos=19&t_sec=1&t_pvid=337f6768-d109-45b0-8694-92d38de5ef96&hd=false
480000,65,3,2,1,https://casas.mitula.cl/adform/24301-256-7a65-5597a7aec91b-865b-19d725a-590d?page=10&pos=26&t_sec=1&t_pvid=af630042-f96a-46bd-b0a6-777dc8d00cb7&hd=false
360000,42,2,1,0,https://casas.mitula.cl/adform/24301-256-7a70-67c11b1e81e0-aa1c-19ddde6-bb56?page=6&pos=11&t_sec=1&t_pvid=d8b8cd06-36f6-4b7d-84d6-73b27ecd1dba&hd=false
600000,60,2,2,1,https://casas.mitula.cl/adform/24301-256-7a73-4bfb08a41f69-be89-19cbe32-6890?page=1&pos=22&t_sec=1&t_pvid=521187bd-ff52-4d42-896b-df1805fb0df6&hd=false
100000,70,2,2,0,https://casas.mitula.cl/adform/24301-256-7a74-e8c8226ce80-b918-19ac558-4bdb?page=4&pos=13&t_sec=1&t_pvid=3ccd29be-7f57-462b-99a8-66ed9b57e208&hd=false
1100000,145,3,2,1,https://casas.mitula.cl/adform/24301-256-7a81-fed71d823525-9f02-19cda23-5535?page=15&pos=21&t_sec=1&t_pvid=c4c81812-32c7-4ee1-a9f8-7a32717e1092&hd=false
1500000,140,3,5,1,https://casas.mitula.cl/adform/24301-256-7a87-6a4a4adae8fd-9d85-19c8ce3-7af4?page=7&pos=21&t_sec=1&t_pvid=e9614c1f-ff92-456a-9bbc-28e7451fcb9a&hd=false
170000,150,4,3,1,https://casas.mitula.cl/adform/24301-256-7a96-7ec5d6f16eeb-b963-193046d-5d34?page=14&pos=23&t_sec=1&t_pvid=337f6768-d109-45b0-8694-92d38de5ef96&hd=false
550000,65,3,2,1,https://casas.mitula.cl/adform/24301-256-7a97-66d07ff2a793-9295-19db6d1-d9de?page=12&pos=8&t_sec=1&t_pvid=9de5cc26-ee18-428d-9b00-b1b2d8188f1e&hd=false
610000,61,2,2,0,https://casas.mitula.cl/adform/24301-256-7a9e-875c58400a09-b1e3-19a995d-f4d3?page=16&pos=15&t_sec=1&t_pvid=ce484b53-61c1-491e-9939-9b737527fe67&hd=false
580000,73,3,2,1,https://casas.mitula.cl/adform/24301-256-7aa2-a39ab9da1417-9dd6-19dc659-f18b?page=10&pos=21&t_sec=1&t_pvid=af630042-f96a-46bd-b0a6-777dc8d00cb7&hd=false
450000,68,3,1,0,https://casas.mitula.cl/adform/24301-256-7aa3-bb7c57c2874a-96c0-19d2762-f1ce?page=16&pos=9&t_sec=1&t_pvid=ce484b53-61c1-491e-9939-9b737527fe67&hd=false
620000,66,2,2,1,https://casas.mitula.cl/adform/24301-256-7aa8-62785ab7043a-915e-19ccd94-7a83?page=11&pos=5&t_sec=1&t_pvid=f9d0735c-42cf-4c30-9bca-32b51ce076b7&hd=false
1100000,90,3,2,0,https://casas.mitula.cl/adform/24301-256-7aa9-e0f8f4cafc45-9577-19c8a87-f7ec?page=3&pos=22&t_sec=1&t_pvid=fca5eec1-8dac-4aef-b40b-b0bc37e1cf1c&hd=false
520000,68,2,1,1,https://casas.mitula.cl/adform/24301-256-7aaa-87a2b99a5755-83b8-19d42b0-9e0a?page=12&pos=18&t_sec=1&t_pvid=9de5cc26-ee18-428d-9b00-b1b2d8188f1e&hd=false
600000,58,3,2,0,https://casas.mitula.cl/adform/24301-256-7aad-9d55abb3a83b-a847-19c761a-2dc0?page=17&pos=2&t_sec=1&t_pvid=ae3fb8b3-99b4-483d-9d8c-1e3f66935507&hd=false
650000,71,2,2,0,https://casas.mitula.cl/adform/24301-256-7aae-e81a7b15da3e-8435-19735ef-f26e?page=17&pos=18&t_sec=1&t_pvid=ae3fb8b3-99b4-483d-9d8c-1e3f66935507&hd=false
550000,62,3,2,0,https://casas.mitula.cl/adform/24301-256-7acb-73742fe3470c-a1e4-19c7c91-2df0?page=6&pos=0&t_sec=1&t_pvid=d8b8cd06-36f6-4b7d-84d6-73b27ecd1dba&hd=false
550000,58,2,2,1,https://casas.mitula.cl/adform/24301-256-7acf-8786a98ce3b6-ae77-19d1c55-4535?page=9&pos=26&t_sec=1&t_pvid=420b1895-d5dd-4650-8d07-6eda32953489&hd=false
450000,32,1,1,1,https://casas.mitula.cl/adform/24301-256-7ad4-2616a62bc330-8c0b-19ddde8-945e?page=15&pos=11&t_sec=1&t_pvid=c4c81812-32c7-4ee1-a9f8-7a32717e1092&hd=false
390000,50,3,1,0,https://casas.mitula.cl/adform/24301-256-7adb-805a979cb2e1-8dd0-19cb678-3242?page=17&pos=1&t_sec=1&t_pvid=ae3fb8b3-99b4-483d-9d8c-1e3f66935507&hd=false
700000,70,2,2,1,https://casas.mitula.cl/adform/24301-256-7afe-4878527f073a-8ee1-193dabb-f8b1?page=1&pos=9&t_sec=1&t_pvid=521187bd-ff52-4d42-896b-df1805fb0df6&hd=false
750000,80,3,2,0,https://casas.mitula.cl/adform/24301-256-7b01-431d191339a2-84d4-1971425-4519?page=16&pos=3&t_sec=1&t_pvid=ce484b53-61c1-491e-9939-9b737527fe67&hd=false
650000,61,2,1,0,https://casas.mitula.cl/adform/24301-256-7b02-71b19a3703d3-971c-19c784a-89e3?page=16&pos=4&t_sec=1&t_pvid=ce484b53-61c1-491e-9939-9b737527fe67&hd=false
480000,43,1,1,1,https://casas.mitula.cl/adform/24301-256-7b05-412219aa0c3f-890e-19da0ce-ad7d?page=14&pos=24&t_sec=1&t_pvid=337f6768-d109-45b0-8694-92d38de5ef96&hd=false
550000,70,3,2,0,https://casas.mitula.cl/adform/24301-256-7b06-c9d9faaee721-9719-19db572-5526?page=16&pos=17&t_sec=1&t_pvid=ce484b53-61c1-491e-9939-9b737527fe67&hd=false
400000,46,1,1,1,https://casas.mitula.cl/adform/24301-256-7b13-93a50caf36fb-9def-19cd7fd-e180?page=1&pos=14&t_sec=1&t_pvid=521187bd-ff52-4d42-896b-df1805fb0df6&hd=false
715000,75,2,2,1,https://casas.mitula.cl/adform/24301-256-7b21-700505b23691-8c5f-19cbf84-bc40?page=9&pos=23&t_sec=1&t_pvid=420b1895-d5dd-4650-8d07-6eda32953489&hd=false
750000,51,2,1,1,https://casas.mitula.cl/adform/24301-256-7b22-8bba76cbd7de-8e55-19c587c-75e3?page=8&pos=22&t_sec=1&t_pvid=6580b1e5-e95e-4bbc-ad22-41128c931115&hd=false
120000,100,3,2,0,https://casas.mitula.cl/adform/24301-256-7b22-e5d2f5af4cae-b7d4-199c901-5fb8?page=4&pos=14&t_sec=1&t_pvid=3ccd29be-7f57-462b-99a8-66ed9b57e208&hd=false
470000,42,2,2,0,https://casas.mitula.cl/adform/24301-256-7b4b-900fc1b6dbd0-b86b-19d91c4-bebc?page=7&pos=25&t_sec=1&t_pvid=e9614c1f-ff92-456a-9bbc-28e7451fcb9a&hd=false
720000,50,2,2,1,https://casas.mitula.cl/adform/24301-256-7b71-ce37ee7a4a57-8daa-197ef64-d58a?page=7&pos=26&t_sec=1&t_pvid=e9614c1f-ff92-456a-9bbc-28e7451fcb9a&hd=false
510000,47,2,2,0,https://casas.mitula.cl/adform/24301-256-7b81-2a2152d724dd-8c8e-19c88d0-a856?page=16&pos=5&t_sec=1&t_pvid=ce484b53-61c1-491e-9939-9b737527fe67&hd=false
370000,30,1,1,0,https://casas.mitula.cl/adform/24301-256-7b9f-641127208705-93b1-19c5888-1883?page=4&pos=9&t_sec=1&t_pvid=3ccd29be-7f57-462b-99a8-66ed9b57e208&hd=false
490000,35,1,1,0,https://casas.mitula.cl/adform/24301-256-7ba1-439b3eb94a69-8f7d-19d4406-fb17?page=17&pos=15&t_sec=1&t_pvid=ae3fb8b3-99b4-483d-9d8c-1e3f66935507&hd=false
470000,45,2,1,1,https://casas.mitula.cl/adform/24301-256-7bad-5841009a06fd-b6f6-19ddde9-2ed8?page=8&pos=25&t_sec=1&t_pvid=6580b1e5-e95e-4bbc-ad22-41128c931115&hd=false
100000,60,2,2,0,https://casas.mitula.cl/adform/24301-256-7baf-4f4c613f6dd-87a7-19346b9-b8b7?page=2&pos=18&t_sec=1&t_pvid=e02a8ce9-5325-4d77-8de1-7f42945da528&hd=false
120000,67,2,1,1,https://casas.mitula.cl/adform/24301-256-7baf-fc6508b56816-87a6-19346a3-88b1?page=14&pos=27&t_sec=1&t_pvid=337f6768-d109-45b0-8694-92d38de5ef96&hd=false
600000,64,2,2,0,https://casas.mitula.cl/adform/24301-256-7bb7-6d2524005e8e-8cad-19d6a54-f0d7?page=8&pos=28&t_sec=1&t_pvid=6580b1e5-e95e-4bbc-ad22-41128c931115&hd=false
620000,66,2,2,1,https://casas.mitula.cl/adform/24301-256-7bbf-9e657cc49a76-90b3-19d30de-2a19?page=7&pos=28&t_sec=1&t_pvid=e9614c1f-ff92-456a-9bbc-28e7451fcb9a&hd=false
620000,60,3,2,0,https://casas.mitula.cl/adform/24301-256-7bc9-f871e7a3ad83-be4a-19c44ca-f44c?page=9&pos=4&t_sec=1&t_pvid=420b1895-d5dd-4650-8d07-6eda32953489&hd=false
470000,60,3,1,0,https://casas.mitula.cl/adform/24301-256-7bd4-e05ff0be928-b19c-19dbdce-9c70?page=6&pos=1&t_sec=1&t_pvid=d8b8cd06-36f6-4b7d-84d6-73b27ecd1dba&hd=false
380000,38,2,1,0,https://casas.mitula.cl/adform/24301-256-7be9-985fa70b0ce8-a822-19d098f-8b81?page=16&pos=16&t_sec=1&t_pvid=ce484b53-61c1-491e-9939-9b737527fe67&hd=false
750000,80,3,2,1,https://casas.mitula.cl/adform/24301-256-7c01-b68e3608f138-9497-19c8a9f-1583?page=14&pos=4&t_sec=1&t_pvid=337f6768-d109-45b0-8694-92d38de5ef96&hd=false
1200000,89,2,2,0,https://casas.mitula.cl/adform/24301-256-7c06-fe8df636d32d-9047-19d064e-3610?page=6&pos=7&t_sec=1&t_pvid=d8b8cd06-36f6-4b7d-84d6-73b27ecd1dba&hd=false
450000,32,1,1,1,https://casas.mitula.cl/adform/24301-256-7c0f-7646df0ea8d7-9680-19ddde8-8cff?page=15&pos=12&t_sec=1&t_pvid=c4c81812-32c7-4ee1-a9f8-7a32717e1092&hd=false
800000,90,3,2,0,https://casas.mitula.cl/adform/24301-256-7c2b-8af4ac4bb689-a987-19bc1db-2be5?page=5&pos=14&t_sec=1&t_pvid=bf6ce94d-1cd4-4b7e-af62-9d7888853053&hd=false
850000,99,3,2,1,https://casas.mitula.cl/adform/24301-256-7c34-f7471c18719c-9496-19d5095-53ce?page=9&pos=14&t_sec=1&t_pvid=420b1895-d5dd-4650-8d07-6eda32953489&hd=false
530000,63,3,2,0,https://casas.mitula.cl/adform/24301-256-7c3d-596a3e86d97f-b248-19ddde5-b842?page=6&pos=9&t_sec=1&t_pvid=d8b8cd06-36f6-4b7d-84d6-73b27ecd1dba&hd=false
600000,60,2,2,0,https://casas.mitula.cl/adform/24301-256-7c49-da3cdc54339d-aaa7-19c02eb-1f20?page=4&pos=2&t_sec=1&t_pvid=3ccd29be-7f57-462b-99a8-66ed9b57e208&hd=false
470000,45,2,1,1,https://casas.mitula.cl/adform/24301-256-7c4b-46b6e7bef545-83a9-19c911b-16c9?page=12&pos=11&t_sec=1&t_pvid=9de5cc26-ee18-428d-9b00-b1b2d8188f1e&hd=false
550000,55,3,2,1,https://casas.mitula.cl/adform/24301-256-7c4e-9dd67acd9282-8535-19af902-eb54?page=10&pos=4&t_sec=1&t_pvid=af630042-f96a-46bd-b0a6-777dc8d00cb7&hd=false
700000,55,2,2,1,https://casas.mitula.cl/adform/24301-256-7c52-af1c907eb0b9-b036-19d7e43-e116?page=10&pos=22&t_sec=1&t_pvid=af630042-f96a-46bd-b0a6-777dc8d00cb7&hd=false
340000,37,1,1,0,https://casas.mitula.cl/adform/24301-256-7c69-3d2d6bd0ed0c-9b72-19ddde6-e435?page=13&pos=2&t_sec=1&t_pvid=5814020f-729b-4e8b-adb1-9a87e70d6d8e&hd=false
800000,62,2,1,1,https://casas.mitula.cl/adform/24301-256-7c6f-af80ae658855-8238-19ce3f2-396a?page=10&pos=0&t_sec=1&t_pvid=af630042-f96a-46bd-b0a6-777dc8d00cb7&hd=false
500000,55,3,2,0,https://casas.mitula.cl/adform/24301-256-7c6f-e47e82afa8ca-c0e2-19cbb3d-72ff?page=16&pos=2&t_sec=1&t_pvid=ce484b53-61c1-491e-9939-9b737527fe67&hd=false
600000,85,2,2,0,https://casas.mitula.cl/adform/24301-256-7c71-6c464c5a513e-a237-19d42aa-8f41?page=13&pos=27&t_sec=1&t_pvid=5814020f-729b-4e8b-adb1-9a87e70d6d8e&hd=false
500000,53,2,1,0,https://casas.mitula.cl/adform/24301-256-7c72-1aefd449885f-b2fd-19c8209-baea?page=5&pos=2&t_sec=1&t_pvid=bf6ce94d-1cd4-4b7e-af62-9d7888853053&hd=false
420000,54,3,1,1,https://casas.mitula.cl/adform/24301-256-7c79-c8252659a5fb-bc39-19d027d-6a7b?page=8&pos=3&t_sec=1&t_pvid=6580b1e5-e95e-4bbc-ad22-41128c931115&hd=false
620000,68,2,2,1,https://casas.mitula.cl/adform/24301-256-7c91-be84612ac5d0-aea9-19de439-fe01?page=9&pos=28&t_sec=1&t_pvid=420b1895-d5dd-4650-8d07-6eda32953489&hd=false
400000,50,3,1,0,https://casas.mitula.cl/adform/24301-256-7c92-1400481e9d76-916e-193c3b0-c4b2?page=17&pos=19&t_sec=1&t_pvid=ae3fb8b3-99b4-483d-9d8c-1e3f66935507&hd=false
650000,82,3,2,1,https://casas.mitula.cl/adform/24301-256-7c96-8b149a882f4a-a555-19be470-d043?page=1&pos=1&t_sec=1&t_pvid=521187bd-ff52-4d42-896b-df1805fb0df6&hd=false
700000,69,2,2,0,https://casas.mitula.cl/adform/24301-256-7cb1-8359348a9dd4-983b-19c23b3-bc34?page=5&pos=15&t_sec=1&t_pvid=bf6ce94d-1cd4-4b7e-af62-9d7888853053&hd=false
550000,60,3,1,0,https://casas.mitula.cl/adform/24301-256-7cb4-72c854df02f6-b560-19cdb36-3ad8?page=16&pos=7&t_sec=1&t_pvid=ce484b53-61c1-491e-9939-9b737527fe67&hd=false
500000,36,2,1,1,https://casas.mitula.cl/adform/24301-256-7cd9-abadb8f2a535-b28e-19c88d0-63ab?page=11&pos=27&t_sec=1&t_pvid=f9d0735c-42cf-4c30-9bca-32b51ce076b7&hd=false
450000,45,2,1,1,https://casas.mitula.cl/adform/24301-256-7cdc-c590cdd0ef55-9817-19db4ac-603e?page=15&pos=9&t_sec=1&t_pvid=c4c81812-32c7-4ee1-a9f8-7a32717e1092&hd=false
650000,75,2,2,1,https://casas.mitula.cl/adform/24301-256-7d13-e58208f10df5-9651-19ddb46-1634?page=12&pos=15&t_sec=1&t_pvid=9de5cc26-ee18-428d-9b00-b1b2d8188f1e&hd=false
420000,58,3,1,1,https://casas.mitula.cl/adform/24301-256-7d16-fd561354440b-bf9c-19bdb9e-3e06?page=14&pos=28&t_sec=1&t_pvid=337f6768-d109-45b0-8694-92d38de5ef96&hd=false
480000,60,3,2,1,https://casas.mitula.cl/adform/24301-256-7d25-1c22dcb06f1b-ba3b-19b8d4c-5f00?page=2&pos=0&t_sec=1&t_pvid=e02a8ce9-5325-4d77-8de1-7f42945da528&hd=false
450000,60,3,1,1,https://casas.mitula.cl/adform/24301-256-7d27-c9820ded3bcd-afc0-19c2f66-e083?page=13&pos=9&t_sec=1&t_pvid=5814020f-729b-4e8b-adb1-9a87e70d6d8e&hd=false
450000,56,3,1,0,https://casas.mitula.cl/adform/24301-256-7d2b-c46748b98daa-8707-19becdc-970f?page=5&pos=20&t_sec=1&t_pvid=bf6ce94d-1cd4-4b7e-af62-9d7888853053&hd=false
500000,55,2,2,0,https://casas.mitula.cl/adform/24301-256-7d34-8b7f7b843fd3-87cf-19c193c-9f9?page=3&pos=24&t_sec=1&t_pvid=fca5eec1-8dac-4aef-b40b-b0bc37e1cf1c&hd=false
800000,68,2,2,0,https://casas.mitula.cl/adform/24301-256-7d39-339622f07fd-89ef-19dd97e-1b45?page=4&pos=1&t_sec=1&t_pvid=3ccd29be-7f57-462b-99a8-66ed9b57e208&hd=false
450000,58,3,1,0,https://casas.mitula.cl/adform/24301-256-7d54-1f5bb27ccad0-a1d9-19c1caa-dcd9?page=3&pos=29&t_sec=1&t_pvid=fca5eec1-8dac-4aef-b40b-b0bc37e1cf1c&hd=false
580000,60,2,2,1,https://casas.mitula.cl/adform/24301-256-7d70-a29cb0c2cb52-8519-19c6d40-ba78?page=10&pos=25&t_sec=1&t_pvid=af630042-f96a-46bd-b0a6-777dc8d00cb7&hd=false
100000,55,2,2,0,https://casas.mitula.cl/adform/24301-256-7d9b-c12f71a930a6-9f6c-19b2fc6-51be?page=4&pos=11&t_sec=1&t_pvid=3ccd29be-7f57-462b-99a8-66ed9b57e208&hd=false
750000,70,2,2,0,https://casas.mitula.cl/adform/24301-256-7da0-3666489cf7de-84d6-19d97d2-2928?page=5&pos=29&t_sec=1&t_pvid=bf6ce94d-1cd4-4b7e-af62-9d7888853053&hd=false
470000,40,1,1,0,https://casas.mitula.cl/adform/24301-256-7da3-143c09ac07-869d-19dde97-9b68?page=16&pos=28&t_sec=1&t_pvid=ce484b53-61c1-491e-9939-9b737527fe67&hd=false
100000,76,2,2,0,https://casas.mitula.cl/adform/24301-256-7dab-68f24631ce18-b39b-19a49bf-cf66?page=4&pos=0&t_sec=1&t_pvid=3ccd29be-7f57-462b-99a8-66ed9b57e208&hd=false
500000,60,2,1,1,https://casas.mitula.cl/adform/24301-256-7db4-b993b94c8fb8-9a48-19d7417-33b1?page=14&pos=9&t_sec=1&t_pvid=337f6768-d109-45b0-8694-92d38de5ef96&hd=false
550000,68,2,2,1,https://casas.mitula.cl/adform/24301-256-7dc3-9e884f258bbf-bd91-19cee02-7a61?page=9&pos=22&t_sec=1&t_pvid=420b1895-d5dd-4650-8d07-6eda32953489&hd=false
400000,55,1,1,1,https://casas.mitula.cl/adform/24301-256-7dc6-b05c823771f7-a198-1963625-2aed?page=14&pos=13&t_sec=1&t_pvid=337f6768-d109-45b0-8694-92d38de5ef96&hd=false
500000,46,2,1,0,https://casas.mitula.cl/adform/24301-256-7dd0-60eb3dfbbd0-bdd5-19ce585-9189?page=5&pos=21&t_sec=1&t_pvid=bf6ce94d-1cd4-4b7e-af62-9d7888853053&hd=false
650000,64,3,2,1,https://casas.mitula.cl/adform/24301-256-7ddd-410808584a07-8c16-19dd6dd-6e5a?page=13&pos=3&t_sec=1&t_pvid=5814020f-729b-4e8b-adb1-9a87e70d6d8e&hd=false
680000,80,3,2,0,https://casas.mitula.cl/adform/24301-256-7e06-a408d787a01d-921a-19d9ee7-f2ce?page=3&pos=26&t_sec=1&t_pvid=fca5eec1-8dac-4aef-b40b-b0bc37e1cf1c&hd=false
750000,68,2,2,1,https://casas.mitula.cl/adform/24301-256-7e10-e57ba6243018-b13f-19b9ad8-c45d?page=15&pos=26&t_sec=1&t_pvid=c4c81812-32c7-4ee1-a9f8-7a32717e1092&hd=false
800000,95,3,2,1,https://casas.mitula.cl/adform/24301-256-7e1c-9e83349044eb-a4c3-19c51e2-4736?page=1&pos=16&t_sec=1&t_pvid=521187bd-ff52-4d42-896b-df1805fb0df6&hd=false
570000,64,2,2,0,https://casas.mitula.cl/adform/24301-256-7e22-bf196785fee8-8e15-19ceaa9-8f65?page=16&pos=8&t_sec=1&t_pvid=ce484b53-61c1-491e-9939-9b737527fe67&hd=false
600000,62,2,2,0,https://casas.mitula.cl/adform/24301-256-7e25-b4d050347ef7-9a2c-19d2c89-55e0?page=9&pos=1&t_sec=1&t_pvid=420b1895-d5dd-4650-8d07-6eda32953489&hd=false
360000,55,3,1,0,https://casas.mitula.cl/adform/24301-256-7e2c-f1f24efe41ed-ac15-19c9118-82db?page=5&pos=25&t_sec=1&t_pvid=bf6ce94d-1cd4-4b7e-af62-9d7888853053&hd=false
600000,54,2,2,1,https://casas.mitula.cl/adform/24301-256-7e2e-499228c85cd6-b4c1-19bf034-dd49?page=10&pos=24&t_sec=1&t_pvid=af630042-f96a-46bd-b0a6-777dc8d00cb7&hd=false
650000,70,2,2,0,https://casas.mitula.cl/adform/24301-256-7e32-307a9f16196e-aa26-19c70dd-1aee?page=8&pos=6&t_sec=1&t_pvid=6580b1e5-e95e-4bbc-ad22-41128c931115&hd=false
700000,66,2,2,1,https://casas.mitula.cl/adform/24301-256-7e36-a18aa757bf32-9f3a-19d3d0f-1ae2?page=1&pos=17&t_sec=1&t_pvid=521187bd-ff52-4d42-896b-df1805fb0df6&hd=false
550000,66,1,1,1,https://casas.mitula.cl/adform/24301-256-7e4b-b213ad429401-a0f4-19ddde2-291b?page=11&pos=16&t_sec=1&t_pvid=f9d0735c-42cf-4c30-9bca-32b51ce076b7&hd=false
1000000,142,3,2,1,https://casas.mitula.cl/adform/24301-256-7e4f-e2ea232f7e24-94d2-19ddddf-821c?page=10&pos=8&t_sec=1&t_pvid=af630042-f96a-46bd-b0a6-777dc8d00cb7&hd=false
865000,94,3,2,1,https://casas.mitula.cl/adform/24301-256-7e53-cad6b1905643-9ae2-19c51e2-3fba?page=1&pos=4&t_sec=1&t_pvid=521187bd-ff52-4d42-896b-df1805fb0df6&hd=false
1000000,135,3,2,0,https://casas.mitula.cl/adform/24301-256-7e5b-9a00262ccb26-b8f8-19c1ac2-b82c?page=5&pos=12&t_sec=1&t_pvid=bf6ce94d-1cd4-4b7e-af62-9d7888853053&hd=false
400000,54,2,2,0,https://casas.mitula.cl/adform/24301-256-7e5e-6784ac9b3410-bd10-19d0634-e528?page=6&pos=4&t_sec=1&t_pvid=d8b8cd06-36f6-4b7d-84d6-73b27ecd1dba&hd=false
750000,100,3,2,1,https://casas.mitula.cl/adform/24301-256-7e79-360be8c53bfb-b05c-19cdced-fc30?page=1&pos=13&t_sec=1&t_pvid=521187bd-ff52-4d42-896b-df1805fb0df6&hd=false
450000,55,2,1,1,https://casas.mitula.cl/adform/24301-256-7e85-634e740629d3-9531-19da779-d9ba?page=12&pos=13&t_sec=1&t_pvid=9de5cc26-ee18-428d-9b00-b1b2d8188f1e&hd=false
550000,52,2,1,1,https://casas.mitula.cl/adform/24301-256-7e8e-571d826b6965-a91d-19d92d2-fb3a?page=7&pos=29&t_sec=1&t_pvid=e9614c1f-ff92-456a-9bbc-28e7451fcb9a&hd=false
500000,74,2,1,0,https://casas.mitula.cl/adform/24301-256-7e92-2282bb93525c-a564-19ccd7c-c0d1?page=9&pos=6&t_sec=1&t_pvid=420b1895-d5dd-4650-8d07-6eda32953489&hd=false
330000,29,1,1,1,https://casas.mitula.cl/adform/24301-256-7ec6-c75ce973b13d-996d-19d538d-b501?page=14&pos=17&t_sec=1&t_pvid=337f6768-d109-45b0-8694-92d38de5ef96&hd=false
950000,95,3,2,1,https://casas.mitula.cl/adform/24301-256-7ecb-c7283b4d1814-b3a9-19d4b6f-46f6?page=11&pos=17&t_sec=1&t_pvid=f9d0735c-42cf-4c30-9bca-32b51ce076b7&hd=false
580000,32,1,1,0,https://casas.mitula.cl/adform/24301-256-7ecc-bf619fc1d398-af5e-19dd405-4e0a?page=17&pos=7&t_sec=1&t_pvid=ae3fb8b3-99b4-483d-9d8c-1e3f66935507&hd=false
550000,50,2,2,1,https://casas.mitula.cl/adform/24301-256-7ed5-91a2b5b4ec0-b701-19cc063-9cca?page=11&pos=22&t_sec=1&t_pvid=f9d0735c-42cf-4c30-9bca-32b51ce076b7&hd=false
110000,58,2,2,1,https://casas.mitula.cl/adform/24301-256-7ee0-7c349421ab2f-9484-19735ef-ed72?page=8&pos=11&t_sec=1&t_pvid=6580b1e5-e95e-4bbc-ad22-41128c931115&hd=false
650000,68,2,2,0,https://casas.mitula.cl/adform/24301-256-7eed-dbce8d02e3a3-c0fd-19c6e01-144f?page=15&pos=25&t_sec=1&t_pvid=c4c81812-32c7-4ee1-a9f8-7a32717e1092&hd=false
660000,79,3,2,0,https://casas.mitula.cl/adform/24301-256-7ef2-8ca980dc4e88-abda-19d7797-97ad?page=16&pos=24&t_sec=1&t_pvid=ce484b53-61c1-491e-9939-9b737527fe67&hd=false
600000,82,3,2,1,https://casas.mitula.cl/adform/24301-256-7ef3-7c60533411b6-814a-199731a-5fb8?page=1&pos=0&t_sec=1&t_pvid=521187bd-ff52-4d42-896b-df1805fb0df6&hd=false
650000,67,2,1,1,https://casas.mitula.cl/adform/24301-256-7ef4-859d912f7e13-8375-19cbb3d-fad8?page=15&pos=23&t_sec=1&t_pvid=c4c81812-32c7-4ee1-a9f8-7a32717e1092&hd=false
580000,64,3,2,1,https://casas.mitula.cl/adform/24301-256-7f04-b07780d4414e-bfde-19dd432-44a7?page=12&pos=17&t_sec=1&t_pvid=9de5cc26-ee18-428d-9b00-b1b2d8188f1e&hd=false
580000,88,3,2,1,https://casas.mitula.cl/adform/24301-256-7f11-e7559b124001-b321-19cd7e3-31d1?page=14&pos=16&t_sec=1&t_pvid=337f6768-d109-45b0-8694-92d38de5ef96&hd=false
1450000,133,3,2,1,https://casas.mitula.cl/adform/24301-256-7f13-a632040f0750-8c86-19ddde5-64a5?page=15&pos=8&t_sec=1&t_pvid=c4c81812-32c7-4ee1-a9f8-7a32717e1092&hd=false
390000,46,1,1,0,https://casas.mitula.cl/adform/24301-256-7f18-d2b87b48eca1-9484-19d4248-26fb?page=17&pos=11&t_sec=1&t_pvid=ae3fb8b3-99b4-483d-9d8c-1e3f66935507&hd=false
550000,60,2,2,0,https://casas.mitula.cl/adform/24301-256-7f23-c447c8dc629d-8b7f-19c193c-16e?page=3&pos=23&t_sec=1&t_pvid=fca5eec1-8dac-4aef-b40b-b0bc37e1cf1c&hd=false
100000,62,2,2,0,https://casas.mitula.cl/adform/24301-256-7f2c-a4ef3e4f7fb7-af64-199c901-258c?page=4&pos=17&t_sec=1&t_pvid=3ccd29be-7f57-462b-99a8-66ed9b57e208&hd=false
1000000,110,4,3,1,https://casas.mitula.cl/adform/24301-256-7f42-ffd48e53d6b-a449-19d2762-5f18?page=11&pos=19&t_sec=1&t_pvid=f9d0735c-42cf-4c30-9bca-32b51ce076b7&hd=false
700000,60,2,2,1,https://casas.mitula.cl/adform/24301-256-7f57-75f4aca168e3-b74f-19d2a2d-64e6?page=1&pos=3&t_sec=1&t_pvid=521187bd-ff52-4d42-896b-df1805fb0df6&hd=false
1000000,110,3,2,1,https://casas.mitula.cl/adform/24301-256-7f69-6979aa85c29c-a727-19d58ba-dad1?page=8&pos=9&t_sec=1&t_pvid=6580b1e5-e95e-4bbc-ad22-41128c931115&hd=false
650000,79,2,2,0,https://casas.mitula.cl/adform/24301-256-7f6a-74f583d03f87-87e4-19ddde2-7860?page=6&pos=10&t_sec=1&t_pvid=d8b8cd06-36f6-4b7d-84d6-73b27ecd1dba&hd=false
500000,55,3,1,0,https://casas.mitula.cl/adform/24301-256-7f6d-68b56e6fa7f6-900c-19d4e64-f3f1?page=17&pos=20&t_sec=1&t_pvid=ae3fb8b3-99b4-483d-9d8c-1e3f66935507&hd=false
650000,64,2,2,0,https://casas.mitula.cl/adform/24301-256-7f79-6d21edcf427-a760-19dcc2d-9e14?page=5&pos=19&t_sec=1&t_pvid=bf6ce94d-1cd4-4b7e-af62-9d7888853053&hd=false
800000,94,3,2,0,https://casas.mitula.cl/adform/24301-256-7f83-d0df5e57c9d5-8e60-19d36d5-9080?page=8&pos=29&t_sec=1&t_pvid=6580b1e5-e95e-4bbc-ad22-41128c931115&hd=false
450000,52,2,2,1,https://casas.mitula.cl/adform/24301-256-7f87-fe0dd2bb7418-b399-19c7b3e-44ae?page=8&pos=5&t_sec=1&t_pvid=6580b1e5-e95e-4bbc-ad22-41128c931115&hd=false
550000,46,3,1,1,https://casas.mitula.cl/adform/24301-256-7f99-4c5590a342b7-b29f-19d4235-7d8b?page=1&pos=7&t_sec=1&t_pvid=521187bd-ff52-4d42-896b-df1805fb0df6&hd=false
450000,47,2,1,1,https://casas.mitula.cl/adform/24301-256-7f99-bed2114f35cc-93ee-19c331a-dfc6?page=10&pos=27&t_sec=1&t_pvid=af630042-f96a-46bd-b0a6-777dc8d00cb7&hd=false
500000,56,3,1,1,https://casas.mitula.cl/adform/24301-256-7fb2-8b8981ff6d15-bd7f-19de569-8812?page=11&pos=3&t_sec=1&t_pvid=f9d0735c-42cf-4c30-9bca-32b51ce076b7&hd=false
480000,55,3,1,1,https://casas.mitula.cl/adform/24301-256-7fb3-b9d583b1fe20-ac6a-19d967f-fc2a?page=8&pos=4&t_sec=1&t_pvid=6580b1e5-e95e-4bbc-ad22-41128c931115&hd=false
560000,49,2,2,0,https://casas.mitula.cl/adform/24301-256-7fcd-d8417917398-8941-19d2763-bd8?page=16&pos=14&t_sec=1&t_pvid=ce484b53-61c1-491e-9939-9b737527fe67&hd=false
500000,56,3,1,1,https://casas.mitula.cl/adform/24301-256-7fd2-6dd5dd269846-9ec2-19d9eff-12f?page=14&pos=2&t_sec=1&t_pvid=337f6768-d109-45b0-8694-92d38de5ef96&hd=false
490000,41,1,1,0,https://casas.mitula.cl/adform/24301-256-7fd4-69472c0be30a-9a04-19d4648-c7eb?page=15&pos=29&t_sec=1&t_pvid=c4c81812-32c7-4ee1-a9f8-7a32717e1092&hd=false
580000,73,3,2,1,https://casas.mitula.cl/adform/24301-256-7fe4-3b21e9e7c2cf-b919-19de0c7-935?page=15&pos=27&t_sec=1&t_pvid=c4c81812-32c7-4ee1-a9f8-7a32717e1092&hd=false
850000,100,2,2,1,https://casas.mitula.cl/adform/24301-256-7fe7-bdf979a94083-b671-19d6903-4d26?page=11&pos=14&t_sec=1&t_pvid=f9d0735c-42cf-4c30-9bca-32b51ce076b7&hd=false
930000,72,2,2,0,https://casas.mitula.cl/adform/24301-256-7feb-26e66e2c771e-838a-19d42ab-19d8?page=13&pos=18&t_sec=1&t_pvid=5814020f-729b-4e8b-adb1-9a87e70d6d8e&hd=false
650000,64,2,2,1,https://casas.mitula.cl/adform/24301-256-7fef-3220007fcb7a-836d-19c51e2-2a88?page=1&pos=11&t_sec=1&t_pvid=521187bd-ff52-4d42-896b-df1805fb0df6&hd=false
500000,58,2,1,1,https://casas.mitula.cl/adform/24301-256-800e-e707d3133fe9-99e2-19cb900-9910?page=12&pos=20&t_sec=1&t_pvid=9de5cc26-ee18-428d-9b00-b1b2d8188f1e&hd=false
420000,45,3,1,0,https://casas.mitula.cl/adform/24301-256-8013-ec755803c33b-87ff-19b9503-146c?page=16&pos=25&t_sec=1&t_pvid=ce484b53-61c1-491e-9939-9b737527fe67&hd=false
120000,100,3,2,0,https://casas.mitula.cl/adform/24301-256-802f-4a54da6719c1-a509-19b3f39-66f3?page=4&pos=10&t_sec=1&t_pvid=3ccd29be-7f57-462b-99a8-66ed9b57e208&hd=false
650000,60,1,2,1,https://chilepropiedades.cl/ver-publicacion/arriendo-mensual/coquimbo/departamento/a-pasos-de-av-del-mar-ano-corrido-156644/114826023
780000,105,4,3,1,https://chilepropiedades.cl/ver-publicacion/arriendo-mensual/coquimbo/departamento/acceso-a-dario-salas/112344657
440000,57,2,2,1,https://chilepropiedades.cl/ver-publicacion/arriendo-mensual/coquimbo/departamento/almirante-latorre-con-ignacio-serrano/36383883
600000,62,3,1,1,https://chilepropiedades.cl/ver-publicacion/arriendo-mensual/coquimbo/departamento/amoblado-y-ano-corrido-3d-147629/110491538
750000,80,3,2,1,https://chilepropiedades.cl/ver-publicacion/arriendo-mensual/coquimbo/departamento/ano-corrido-amoblado-marina-horizonte-3d-148051/110739863
580000,65,2,2,1,https://chilepropiedades.cl/ver-publicacion/arriendo-mensual/coquimbo/departamento/ano-corrido-coquimbo-152812/112746728
360000,27,1,1,1,https://chilepropiedades.cl/ver-publicacion/arriendo-mensual/coquimbo/departamento/ano-corrido-o-marzo-diciembre-150943/111920342
450000,55,2,2,0,https://chilepropiedades.cl/ver-publicacion/arriendo-mensual/coquimbo/departamento/antes-de-la-interseccion-camino-a-huachalalume-y-camino-a-san-ramon/100384261
595000,63,2,2,1,https://chilepropiedades.cl/ver-publicacion/arriendo-mensual/coquimbo/departamento/arrienda-dpto-amoblado-ano-corrido-85285/76236384
500000,53,2,1,1,https://chilepropiedades.cl/ver-publicacion/arriendo-mensual/coquimbo/departamento/arriendo-a-metros-de-la-playa-penuelas-151961/112415859
530000,50,3,2,1,https://chilepropiedades.cl/ver-publicacion/arriendo-mensual/coquimbo/departamento/arriendo-amoblado-ano-corrido-530-000-ggcc-161153/117143447
350000,40,1,1,0,https://chilepropiedades.cl/ver-publicacion/arriendo-mensual/coquimbo/departamento/arriendo-amoblado-departamento-86921/77138258
650000,60,3,2,1,https://chilepropiedades.cl/ver-publicacion/arriendo-mensual/coquimbo/departamento/arriendo-ano-corrido-3del-llano-coquimbo-120625/95501311
450000,57,3,1,1,https://chilepropiedades.cl/ver-publicacion/arriendo-mensual/coquimbo/departamento/arriendo-ano-corrido-dpto-en-alto-hacienda-151410/112330917
450000,57,3,1,1,https://chilepropiedades.cl/ver-publicacion/arriendo-mensual/coquimbo/departamento/arriendo-ano-corrido-dpto-en-alto-hacienda-157879/115504471
480000,60,3,1,1,https://chilepropiedades.cl/ver-publicacion/arriendo-mensual/coquimbo/departamento/arriendo-dpto-ano-corrido-la-herradura-153869/113270711
380000,50,3,1,1,https://chilepropiedades.cl/ver-publicacion/arriendo-mensual/coquimbo/departamento/arriendo-en-coquimbo-150001/111514085
1500000,155,4,3,1,https://chilepropiedades.cl/ver-publicacion/arriendo-mensual/coquimbo/departamento/arriendo-hermoso-penthouse-a-pasos-de-av-mar-147450/110408473
1500000,155,4,3,1,https://chilepropiedades.cl/ver-publicacion/arriendo-mensual/coquimbo/departamento/arriendo-hermoso-penthouse-a-pasos-de-av-mar-148150/110840678
440000,47,2,1,1,https://chilepropiedades.cl/ver-publicacion/arriendo-mensual/coquimbo/departamento/arriendo-para-estudiantes-145394/109251809
600000,70,3,2,0,https://chilepropiedades.cl/ver-publicacion/arriendo-mensual/coquimbo/departamento/atras-del-casino-enjoy/84874744
600000,58,2,2,1,https://chilepropiedades.cl/ver-publicacion/arriendo-mensual/coquimbo/departamento/av-central-5000/107918300
1200000,90,3,2,1,https://chilepropiedades.cl/ver-publicacion/arriendo-mensual/coquimbo/departamento/av-costanera-3400/113370034
500000,56,2,1,1,https://chilepropiedades.cl/ver-publicacion/arriendo-mensual/coquimbo/departamento/av-la-marina-1202/113370066
750000,75,3,2,1,https://chilepropiedades.cl/ver-publicacion/arriendo-mensual/coquimbo/departamento/av-los-pescadores-5341/116952908
420000,46,3,1,1,https://chilepropiedades.cl/ver-publicacion/arriendo-mensual/coquimbo/departamento/av-pacifico-3815/106341414
370000,36,1,1,1,https://chilepropiedades.cl/ver-publicacion/arriendo-mensual/coquimbo/departamento/av-videla-810/77787935
400000,45,1,1,1,https://chilepropiedades.cl/ver-publicacion/arriendo-mensual/coquimbo/departamento/av-videla-875/114833685
1000000,130,3,2,1,https://chilepropiedades.cl/ver-publicacion/arriendo-mensual/coquimbo/departamento/avda-costanera-costa-mansa-ii-coquimbo-la-serena/110411929
630000,57,2,2,1,https://chilepropiedades.cl/ver-publicacion/arriendo-mensual/coquimbo/departamento/avda-los-pescadores-5281/111417485
720000,67,2,1,1,https://chilepropiedades.cl/ver-publicacion/arriendo-mensual/coquimbo/departamento/avenida-costanera-5425/116610149
550000,64,2,2,1,https://chilepropiedades.cl/ver-publicacion/arriendo-mensual/coquimbo/departamento/avenida-costanera/110610106
390000,50,3,1,1,https://chilepropiedades.cl/ver-publicacion/arriendo-mensual/coquimbo/departamento/avenida-el-sauce/112344880
470000,58,2,2,1,https://chilepropiedades.cl/ver-publicacion/arriendo-mensual/coquimbo/departamento/avenida-el-sauce/115093479
415000,60,3,1,1,https://chilepropiedades.cl/ver-publicacion/arriendo-mensual/coquimbo/departamento/avenida-el-sauce/80954516
550000,58,2,1,1,https://chilepropiedades.cl/ver-publicacion/arriendo-mensual/coquimbo/departamento/avenida-los-pescadores-5121/114140755
490000,60,3,2,1,https://chilepropiedades.cl/ver-publicacion/arriendo-mensual/coquimbo/departamento/avenida-los-pescadores/110927001
500000,55,2,2,1,https://chilepropiedades.cl/ver-publicacion/arriendo-mensual/coquimbo/departamento/avenida-los-pescadores/112440374
470000,45,2,1,1,https://chilepropiedades.cl/ver-publicacion/arriendo-mensual/coquimbo/departamento/avenida-los-pescadores/116917900
600000,70,2,2,1,https://chilepropiedades.cl/ver-publicacion/arriendo-mensual/coquimbo/departamento/avenida-los-pescadores/84643060
490000,67,3,1,1,https://chilepropiedades.cl/ver-publicacion/arriendo-mensual/coquimbo/departamento/avenida-rene-schneider/113146813
380000,25,1,1,0,https://chilepropiedades.cl/ver-publicacion/arriendo-mensual/coquimbo/departamento/avenida-varela/93667471
470000,50,2,2,1,https://chilepropiedades.cl/ver-publicacion/arriendo-mensual/coquimbo/departamento/avenida-waldo-alcalde/116388820
500000,45,2,1,1,https://chilepropiedades.cl/ver-publicacion/arriendo-mensual/coquimbo/departamento/baldomero-orrego/110843922
550000,60,3,1,0,https://chilepropiedades.cl/ver-publicacion/arriendo-mensual/coquimbo/departamento/baquedano-404-coquimbo/109740361
470000,56,3,1,1,https://chilepropiedades.cl/ver-publicacion/arriendo-mensual/coquimbo/departamento/bosque-san-carlos/98345051
500000,48,2,2,1,https://chilepropiedades.cl/ver-publicacion/arriendo-mensual/coquimbo/departamento/calle-ambrosio-o-higgins/110927712
500000,48,2,2,1,https://chilepropiedades.cl/ver-publicacion/arriendo-mensual/coquimbo/departamento/calle-ambrosio-o-higgins/115093454
600000,71,3,2,1,https://chilepropiedades.cl/ver-publicacion/arriendo-mensual/coquimbo/departamento/condominio-alto-hacienda/75980353
550000,65,2,2,1,https://chilepropiedades.cl/ver-publicacion/arriendo-mensual/coquimbo/departamento/condominio-bahia-horizonte/112171031
750000,68,2,2,1,https://chilepropiedades.cl/ver-publicacion/arriendo-mensual/coquimbo/departamento/condominio-brisamar/116810896
500000,72,2,2,0,https://chilepropiedades.cl/ver-publicacion/arriendo-mensual/coquimbo/departamento/condominio-costa-de-elqui/115997419
600000,86,3,2,1,https://chilepropiedades.cl/ver-publicacion/arriendo-mensual/coquimbo/departamento/condominio-costamar/115687135
695000,85,3,2,1,https://chilepropiedades.cl/ver-publicacion/arriendo-mensual/coquimbo/departamento/condominio-marina-horizonte-2/97280127
430000,55,2,1,1,https://chilepropiedades.cl/ver-publicacion/arriendo-mensual/coquimbo/departamento/condominio-marina-sol-2/115891167
550000,60,3,1,1,https://chilepropiedades.cl/ver-publicacion/arriendo-mensual/coquimbo/departamento/condominio-mirador-de-los-clarines/112150639
400000,53,3,1,1,https://chilepropiedades.cl/ver-publicacion/arriendo-mensual/coquimbo/departamento/condominio-paseo-san-carlos-ii/115997465
400000,52,2,2,1,https://chilepropiedades.cl/ver-publicacion/arriendo-mensual/coquimbo/departamento/condominio-senderos-santa-clara/109740336
500000,45,2,1,1,https://chilepropiedades.cl/ver-publicacion/arriendo-mensual/coquimbo/departamento/conectividad-y-confort-en-un-solo-lugar-154213/113361140
550000,76,2,2,1,https://chilepropiedades.cl/ver-publicacion/arriendo-mensual/coquimbo/departamento/conectividad-y-diseno-en-un-solo-lugar-160792/117125233
600000,55,2,1,1,https://chilepropiedades.cl/ver-publicacion/arriendo-mensual/coquimbo/departamento/costanera-con-penuelas/112060270
600000,85,3,2,1,https://chilepropiedades.cl/ver-publicacion/arriendo-mensual/coquimbo/departamento/dario-salas/79404108
460000,58,2,1,1,https://chilepropiedades.cl/ver-publicacion/arriendo-mensual/coquimbo/departamento/dep-grandes-piscinas-costa-la-herradura-94534/81213526
650000,61,2,2,1,https://chilepropiedades.cl/ver-publicacion/arriendo-mensual/coquimbo/departamento/departamento-amoblado-ano-corrido-coquimbo-151320/112086354
650000,65,2,1,1,https://chilepropiedades.cl/ver-publicacion/arriendo-mensual/coquimbo/departamento/departamento-amoblado-en-jardin-del-mar-151285/112074949
750000,78,3,2,1,https://chilepropiedades.cl/ver-publicacion/arriendo-mensual/coquimbo/departamento/departamento-cerca-de-todo-156901/114946427
450000,61,3,1,1,https://chilepropiedades.cl/ver-publicacion/arriendo-mensual/coquimbo/departamento/departamento-condominio-alto-hacienda-piso-10/108707303
420000,34,1,1,0,https://chilepropiedades.cl/ver-publicacion/arriendo-mensual/coquimbo/departamento/departamento-en-arriendo-127988/99493998
1350000,120,3,2,1,https://chilepropiedades.cl/ver-publicacion/arriendo-mensual/coquimbo/departamento/departamento-jardin-del-mar-marzo-a-diciembre-151202/112296030
650000,59,2,1,1,https://chilepropiedades.cl/ver-publicacion/arriendo-mensual/coquimbo/departamento/departamento-vista-al-mar-161225/117130538
600000,80,2,2,1,https://chilepropiedades.cl/ver-publicacion/arriendo-mensual/coquimbo/departamento/dp-2-d-est-amoblado-la-herradura-coq-123890/97250517
485000,56,2,2,1,https://chilepropiedades.cl/ver-publicacion/arriendo-mensual/coquimbo/departamento/dpto-amoblado-en-arriendo-en-terrazas-del-sol-67884/67406150
590000,72,2,2,1,https://chilepropiedades.cl/ver-publicacion/arriendo-mensual/coquimbo/departamento/dpto-en-la-serena-primera-linea-amoblado-149104/111184646
600000,59,3,2,1,https://chilepropiedades.cl/ver-publicacion/arriendo-mensual/coquimbo/departamento/edificio-4-palmas-de-penuelas/110397173
450000,32,1,1,1,https://chilepropiedades.cl/ver-publicacion/arriendo-mensual/coquimbo/departamento/edificio-ha/111326584
570000,64,2,2,0,https://chilepropiedades.cl/ver-publicacion/arriendo-mensual/coquimbo/departamento/edificio-santo-rosa-del-mar/112476282
420000,60,3,1,1,https://chilepropiedades.cl/ver-publicacion/arriendo-mensual/coquimbo/departamento/el-sauce-coquimbo/98347678
550000,49,2,1,1,https://chilepropiedades.cl/ver-publicacion/arriendo-mensual/coquimbo/departamento/en-penuelas-ano-corrido-160283/116599469
450000,46,2,1,1,https://chilepropiedades.cl/ver-publicacion/arriendo-mensual/coquimbo/departamento/en-penuelas-arriendo-hasta-diciembre-147825/110592733
750000,90,2,2,1,https://chilepropiedades.cl/ver-publicacion/arriendo-mensual/coquimbo/departamento/gabriela-mistral-con-cuatro-esquinas/90039916
280000,48,3,1,1,https://chilepropiedades.cl/ver-publicacion/arriendo-mensual/coquimbo/departamento/gladys-marin-sector-el-sauce-coquimbo/109756210
380000,58,3,1,1,https://chilepropiedades.cl/ver-publicacion/arriendo-mensual/coquimbo/departamento/gladys-marin/111673029
520000,50,3,2,1,https://chilepropiedades.cl/ver-publicacion/arriendo-mensual/coquimbo/departamento/hermosa-vista-poniente-en-arriendo-118867/94572954
580000,70,3,2,1,https://chilepropiedades.cl/ver-publicacion/arriendo-mensual/coquimbo/departamento/hermso-marzo-a-diciembre-la-herradura-144247/108700195
450000,60,2,2,1,https://chilepropiedades.cl/ver-publicacion/arriendo-mensual/coquimbo/departamento/herradura-152290/112479331
750000,95,3,2,1,https://chilepropiedades.cl/ver-publicacion/arriendo-mensual/coquimbo/departamento/ideal-y-comodo-159782/116568769
700000,70,2,2,1,https://chilepropiedades.cl/ver-publicacion/arriendo-mensual/coquimbo/departamento/jardin-del-mar-marzo-a-diciembre-2026/69249815
620000,64,3,1,1,https://chilepropiedades.cl/ver-publicacion/arriendo-mensual/coquimbo/departamento/juan-antonio-rios-404/111417451
480000,64,3,1,1,https://chilepropiedades.cl/ver-publicacion/arriendo-mensual/coquimbo/departamento/juan-antonio-rios-404/116184695
400000,60,2,1,1,https://chilepropiedades.cl/ver-publicacion/arriendo-mensual/coquimbo/departamento/juan-antonio-rios/112176301
440000,33,1,1,0,https://chilepropiedades.cl/ver-publicacion/arriendo-mensual/coquimbo/departamento/juan-melgarejo-902/114754957
600000,67,3,2,0,https://chilepropiedades.cl/ver-publicacion/arriendo-mensual/coquimbo/departamento/la-herradura/116969240
430000,60,2,2,1,https://chilepropiedades.cl/ver-publicacion/arriendo-mensual/coquimbo/departamento/los-lagos/116612782
500000,70,2,2,1,https://chilepropiedades.cl/ver-publicacion/arriendo-mensual/coquimbo/departamento/los-navegantes/115900236
320000,70,2,1,1,https://chilepropiedades.cl/ver-publicacion/arriendo-mensual/coquimbo/departamento/manuel-jesus-rivera/110123479
500000,54,2,1,1,https://chilepropiedades.cl/ver-publicacion/arriendo-mensual/coquimbo/departamento/maria-angelica-45/113832747
620000,67,2,2,1,https://chilepropiedades.cl/ver-publicacion/arriendo-mensual/coquimbo/departamento/maria-angelica-la-marina/113693076
400000,50,2,1,1,https://chilepropiedades.cl/ver-publicacion/arriendo-mensual/coquimbo/departamento/maria-angelica/111195991
500000,62,3,2,1,https://chilepropiedades.cl/ver-publicacion/arriendo-mensual/coquimbo/departamento/mirador-bahia-el-sauce-coquimbo/110336906
850000,90,3,2,1,https://chilepropiedades.cl/ver-publicacion/arriendo-mensual/coquimbo/departamento/moderno-con-excelente-conectividad-159737/116606405
470000,55,2,2,1,https://chilepropiedades.cl/ver-publicacion/arriendo-mensual/coquimbo/departamento/nuevo-sin-muebles-en-penuelas-153055/112827304
380000,48,2,1,0,https://chilepropiedades.cl/ver-publicacion/arriendo-mensual/coquimbo/departamento/pedro-montt/113026036
780000,93,3,2,1,https://chilepropiedades.cl/ver-publicacion/arriendo-mensual/coquimbo/departamento/playa-la-herradura/117302722
1000000,75,2,2,1,https://chilepropiedades.cl/ver-publicacion/arriendo-mensual/coquimbo/departamento/precioso-departamento-2d-amoblado-140746/107064097
460000,60,2,2,1,https://chilepropiedades.cl/ver-publicacion/arriendo-mensual/coquimbo/departamento/primera-linea-157913/115507211
470000,42,1,1,1,https://chilepropiedades.cl/ver-publicacion/arriendo-mensual/coquimbo/departamento/recoleta-770/117296378
500000,37,1,1,1,https://chilepropiedades.cl/ver-publicacion/arriendo-mensual/coquimbo/departamento/recoleta/112346397
400000,37,1,1,0,https://chilepropiedades.cl/ver-publicacion/arriendo-mensual/coquimbo/departamento/santa-rosa/116613143
390000,53,3,1,1,https://chilepropiedades.cl/ver-publicacion/arriendo-mensual/coquimbo/departamento/scl_codigo75098-avenida-los-pescadores-5451-condominio-marina-del-sol-iii/111551919
600000,66,2,2,1,https://chilepropiedades.cl/ver-publicacion/arriendo-mensual/coquimbo/departamento/sector-la-herradura/33882625
700000,73,3,2,1,https://chilepropiedades.cl/ver-publicacion/arriendo-mensual/coquimbo/departamento/torre1-costa-mansa-1/102390863
595000,50,2,2,1,https://chilepropiedades.cl/ver-publicacion/arriendo-mensual/coquimbo/departamento/unica-amplia-terraza-y-luz-natur-151709/112293713
700000,80,2,2,1,https://chilepropiedades.cl/ver-publicacion/arriendo-mensual/coquimbo/departamento/vacaciones-de-invierno-frente-al-mar-101141/84662458
800000,101,3,2,1,https://chilepropiedades.cl/ver-publicacion/arriendo-mensual/coquimbo/departamento/vive-el-confort-en-exclusivo-departamento-158683/115879123
580000,65,1,1,1,https://chilepropiedades.cl/ver-publicacion/arriendo-mensual/la-serena/departamento/65-m-gran-terraza-san-joaquin-152312/112479347
650000,54,2,2,1,https://chilepropiedades.cl/ver-publicacion/arriendo-mensual/la-serena/departamento/a-dos-cuadras-de-la-playa-ano-corrido-151756/112268221
500000,62,3,2,1,https://chilepropiedades.cl/ver-publicacion/arriendo-mensual/la-serena/departamento/a-dos-cuadras-de-u-central-hasta-diciembre-156370/114704622
480000,40,1,1,1,https://chilepropiedades.cl/ver-publicacion/arriendo-mensual/la-serena/departamento/a-pasos-av-mar/110597995
500000,45,2,1,1,https://chilepropiedades.cl/ver-publicacion/arriendo-mensual/la-serena/departamento/alberto-arenas-con-los-arrayanes/117372001
600000,68,2,2,1,https://chilepropiedades.cl/ver-publicacion/arriendo-mensual/la-serena/departamento/alberto-arenas-cuatro-esquinas/111665940
600000,61,2,2,1,https://chilepropiedades.cl/ver-publicacion/arriendo-mensual/la-serena/departamento/amoblado-en-la-serena-158335/115674794
495000,60,2,1,1,https://chilepropiedades.cl/ver-publicacion/arriendo-mensual/la-serena/departamento/amoblado-ultimo-piso-vista-mar-149575/111426866
600000,60,2,1,1,https://chilepropiedades.cl/ver-publicacion/arriendo-mensual/la-serena/departamento/amunategui-poniente/112758981
530000,71,2,1,1,https://chilepropiedades.cl/ver-publicacion/arriendo-mensual/la-serena/departamento/ano-corrido-amoblado-158033/115587493
700000,70,2,2,1,https://chilepropiedades.cl/ver-publicacion/arriendo-mensual/la-serena/departamento/ano-corrido-aqua-resort-frontal-la-serena/113582922
530000,54,3,1,1,https://chilepropiedades.cl/ver-publicacion/arriendo-mensual/la-serena/departamento/ano-corrido-cerca-del-faro-131765/102049210
390000,46,1,1,1,https://chilepropiedades.cl/ver-publicacion/arriendo-mensual/la-serena/departamento/ano-corrido-milagro-12706/77950293
600000,65,2,2,1,https://chilepropiedades.cl/ver-publicacion/arriendo-mensual/la-serena/departamento/antonio-aguilar-805/115339048
900000,114,3,2,1,https://chilepropiedades.cl/ver-publicacion/arriendo-mensual/la-serena/departamento/aqua-resort-arriendo-ano-corrido-la-serena/95344488
1000000,102,3,2,1,https://chilepropiedades.cl/ver-publicacion/arriendo-mensual/la-serena/departamento/aqua-resort-arriendo-hasta-diciembre/85465191
865000,100,3,2,1,https://chilepropiedades.cl/ver-publicacion/arriendo-mensual/la-serena/departamento/aqua-resort-arriendo-marzo-diciembre-la-serena/109645394
650000,67,2,2,1,https://chilepropiedades.cl/ver-publicacion/arriendo-mensual/la-serena/departamento/aqua-resort-arriendo-marzo-diciembre-la-serena/109645431
650000,70,2,2,1,https://chilepropiedades.cl/ver-publicacion/arriendo-mensual/la-serena/departamento/aqua-resort-arriendo-marzo-diciembre/109645415
800000,105,3,2,0,https://chilepropiedades.cl/ver-publicacion/arriendo-mensual/la-serena/departamento/aqua-resort-marzo-diciembre-la-serena/109645477
100000,67,2,2,0,https://chilepropiedades.cl/ver-publicacion/arriendo-mensual/la-serena/departamento/aqua-temporada-departamento/96464608
450000,55,1,1,1,https://chilepropiedades.cl/ver-publicacion/arriendo-mensual/la-serena/departamento/arrienda-dpto-amoblado-1d-1b-frontal-mar-21802/32472033
400000,55,1,1,1,https://chilepropiedades.cl/ver-publicacion/arriendo-mensual/la-serena/departamento/arrienda-dpto-amoblado-marzo-dic-2026-91239/79671903
1200000,97,3,2,1,https://chilepropiedades.cl/ver-publicacion/arriendo-mensual/la-serena/departamento/arriendo-a-empresas-en-edificio-el-santo/116883133
400000,50,3,1,1,https://chilepropiedades.cl/ver-publicacion/arriendo-mensual/la-serena/departamento/arriendo-abril-a-dic-con-gc-incluido-70128/68658403
570000,63,2,1,1,https://chilepropiedades.cl/ver-publicacion/arriendo-mensual/la-serena/departamento/arriendo-amoblado-ano-corrido-570-000-161175/117143474
800000,62,2,1,1,https://chilepropiedades.cl/ver-publicacion/arriendo-mensual/la-serena/departamento/arriendo-amoblado-zona-exclusiva-con-laguna-151766/112336198
480000,80,2,2,1,https://chilepropiedades.cl/ver-publicacion/arriendo-mensual/la-serena/departamento/arriendo-amueblado-en-av-del-mar-1700/115572831
1100000,100,3,2,1,https://chilepropiedades.cl/ver-publicacion/arriendo-mensual/la-serena/departamento/arriendo-ano-carrido-en-el-exclusivo-aqua-resort/110738104
600000,54,3,2,1,https://chilepropiedades.cl/ver-publicacion/arriendo-mensual/la-serena/departamento/arriendo-ano-corrido-a-pasos-de-la-playa-99395/83567753
680000,85,3,2,0,https://chilepropiedades.cl/ver-publicacion/arriendo-mensual/la-serena/departamento/arriendo-ano-corrido-barrio-universitario-la-serena/115965216
550000,62,3,1,1,https://chilepropiedades.cl/ver-publicacion/arriendo-mensual/la-serena/departamento/arriendo-ano-corrido-c-capri-puertas-del-mar-156533/114920242
420000,55,3,1,1,https://chilepropiedades.cl/ver-publicacion/arriendo-mensual/la-serena/departamento/arriendo-ano-corrido-y-1-b-153543/113033903
500000,50,3,2,1,https://chilepropiedades.cl/ver-publicacion/arriendo-mensual/la-serena/departamento/arriendo-buena-ubicacion-137920/105464564
500000,60,2,1,1,https://chilepropiedades.cl/ver-publicacion/arriendo-mensual/la-serena/departamento/arriendo-comodo-dpto-en-puertas-del-mar-157208/115091789
490000,35,1,1,1,https://chilepropiedades.cl/ver-publicacion/arriendo-mensual/la-serena/departamento/arriendo-de-un-dormitorio-154900/113696742
600000,95,3,3,1,https://chilepropiedades.cl/ver-publicacion/arriendo-mensual/la-serena/departamento/arriendo-departamento-la-seren-12691/116605759
300000,45,3,1,1,https://chilepropiedades.cl/ver-publicacion/arriendo-mensual/la-serena/departamento/arriendo-dpto-1b-excelente-conectividad-160013/116537631
500000,57,1,1,1,https://chilepropiedades.cl/ver-publicacion/arriendo-mensual/la-serena/departamento/arriendo-dpto-1damoblado-153398/113010743
500000,47,2,2,1,https://chilepropiedades.cl/ver-publicacion/arriendo-mensual/la-serena/departamento/arriendo-dpto-2d-2b-amoblado-ano-corrido-157650/115301844
700000,62,2,2,1,https://chilepropiedades.cl/ver-publicacion/arriendo-mensual/la-serena/departamento/arriendo-dpto-2d2bc-costa-pacifico-160030/116557651
500000,55,2,2,1,https://chilepropiedades.cl/ver-publicacion/arriendo-mensual/la-serena/departamento/arriendo-dpto-amoblad-2d2b-ano-corrido-15marz-22886/33361924
475000,55,3,1,1,https://chilepropiedades.cl/ver-publicacion/arriendo-mensual/la-serena/departamento/arriendo-dpto-amoblado-3d-mar-a-dic-77843/71222991
550000,70,3,2,1,https://chilepropiedades.cl/ver-publicacion/arriendo-mensual/la-serena/departamento/arriendo-dpto-amoblado-mar-a-dic-3d-2b-151506/112274973
1100000,86,3,2,1,https://chilepropiedades.cl/ver-publicacion/arriendo-mensual/la-serena/departamento/arriendo-dpto-ano-corrido-laguna-del-mar-114861/92398655
720000,98,3,2,1,https://chilepropiedades.cl/ver-publicacion/arriendo-mensual/la-serena/departamento/arriendo-dpto-cerca-de-enjoy-156930/114946454
650000,54,3,2,1,https://chilepropiedades.cl/ver-publicacion/arriendo-mensual/la-serena/departamento/arriendo-dpto-cerca-enjoy-coquimbo-159124/116062316
400000,30,2,1,1,https://chilepropiedades.cl/ver-publicacion/arriendo-mensual/la-serena/departamento/arriendo-dpto-hasta-diciembre-pasos-del-faro-74394/69611394
500000,55,3,1,1,https://chilepropiedades.cl/ver-publicacion/arriendo-mensual/la-serena/departamento/arriendo-dpto-la-serena-155850/114431233
500000,58,2,1,1,https://chilepropiedades.cl/ver-publicacion/arriendo-mensual/la-serena/departamento/arriendo-dpto-playa-la-serena-149970/111529661
700000,68,2,2,1,https://chilepropiedades.cl/ver-publicacion/arriendo-mensual/la-serena/departamento/arriendo-dpto-primera-linea-anocorrido-serena-149145/111258811
650000,49,2,2,1,https://chilepropiedades.cl/ver-publicacion/arriendo-mensual/la-serena/departamento/arriendo-dpto-puerta-del-mar-la-serena-157733/115410469
460000,34,1,1,1,https://chilepropiedades.cl/ver-publicacion/arriendo-mensual/la-serena/departamento/arriendo-excelente-conectividad-159096/116069027
635000,40,2,1,1,https://chilepropiedades.cl/ver-publicacion/arriendo-mensual/la-serena/departamento/arriendo-hasta-diciembre-av-del-mar-la-serena-150092/112340253
700000,100,3,2,1,https://chilepropiedades.cl/ver-publicacion/arriendo-mensual/la-serena/departamento/arriendo-hasta-diciembre-la-serena-152831/112746806
580000,60,2,2,1,https://chilepropiedades.cl/ver-publicacion/arriendo-mensual/la-serena/departamento/arriendo-hasta-diciembre-la-serena-153724/113141678
580000,61,2,2,1,https://chilepropiedades.cl/ver-publicacion/arriendo-mensual/la-serena/departamento/arriendo-hasta-diciembre-la-serena-155102/113844518
630000,81,2,2,1,https://chilepropiedades.cl/ver-publicacion/arriendo-mensual/la-serena/departamento/arriendo-hermoso-departamento-151666/112310958
900000,74,2,2,1,https://chilepropiedades.cl/ver-publicacion/arriendo-mensual/la-serena/departamento/arriendo-hermoso-departamento-amoblado-146936/110102912
1100000,78,3,2,1,https://chilepropiedades.cl/ver-publicacion/arriendo-mensual/la-serena/departamento/arriendo-hermoso-departamento-amoblado-154145/113377233
500000,68,2,2,1,https://chilepropiedades.cl/ver-publicacion/arriendo-mensual/la-serena/departamento/arriendo-hermoso-departamento-amoblado-ano-c-158653/115878148
850000,68,2,2,1,https://chilepropiedades.cl/ver-publicacion/arriendo-mensual/la-serena/departamento/arriendo-hermoso-departamento-amoblado-ano-c-158769/115980418
930000,72,2,2,1,https://chilepropiedades.cl/ver-publicacion/arriendo-mensual/la-serena/departamento/arriendo-hermoso-departamento-ano-corrido-154142/113377216
460000,52,2,1,1,https://chilepropiedades.cl/ver-publicacion/arriendo-mensual/la-serena/departamento/arriendo-la-serena-ano-corrido-vacio-160221/116634469
550000,65,3,2,1,https://chilepropiedades.cl/ver-publicacion/arriendo-mensual/la-serena/departamento/arriendo-marzo-a-diciembre-2b-la-serena-140389/106788706
580000,88,3,2,1,https://chilepropiedades.cl/ver-publicacion/arriendo-mensual/la-serena/departamento/arriendo-marzo-diciembre-av-del-mar-150418/112065079
500000,56,2,1,1,https://chilepropiedades.cl/ver-publicacion/arriendo-mensual/la-serena/departamento/arriendo-pasos-de-la-playa-la-serena-160255/116569951
480000,65,3,2,1,https://chilepropiedades.cl/ver-publicacion/arriendo-mensual/la-serena/departamento/arriendo-ulriksen-76323/71146235
400000,43,1,1,1,https://chilepropiedades.cl/ver-publicacion/arriendo-mensual/la-serena/departamento/av-cruz-del-molino-325/63193245
490000,49,2,1,1,https://chilepropiedades.cl/ver-publicacion/arriendo-mensual/la-serena/departamento/av-del-mar-3200/112169797
1350000,90,2,2,1,https://chilepropiedades.cl/ver-publicacion/arriendo-mensual/la-serena/departamento/av-del-mar-5315/116976300
900000,84,3,2,1,https://chilepropiedades.cl/ver-publicacion/arriendo-mensual/la-serena/departamento/av-del-mar-560/109779950
500000,52,1,1,1,https://chilepropiedades.cl/ver-publicacion/arriendo-mensual/la-serena/departamento/av-del-mar-800/71922427
1000000,88,2,2,1,https://chilepropiedades.cl/ver-publicacion/arriendo-mensual/la-serena/departamento/av-gabriela-mistral/115966922
470000,54,2,2,1,https://chilepropiedades.cl/ver-publicacion/arriendo-mensual/la-serena/departamento/av-pacifico-4115/74869465
490000,64,3,2,1,https://chilepropiedades.cl/ver-publicacion/arriendo-mensual/la-serena/departamento/av-pacifico-4115/81241954
500000,56,3,1,1,https://chilepropiedades.cl/ver-publicacion/arriendo-mensual/la-serena/departamento/av-pacifico-5175/112843767
750000,73,2,2,1,https://chilepropiedades.cl/ver-publicacion/arriendo-mensual/la-serena/departamento/av-pacifico-741/111973844
500000,47,2,2,1,https://chilepropiedades.cl/ver-publicacion/arriendo-mensual/la-serena/departamento/av-pacifico-750-condominio-jardin-del-pacifico-iii/114189848
530000,53,2,2,1,https://chilepropiedades.cl/ver-publicacion/arriendo-mensual/la-serena/departamento/av-pacifico-750/22970148
750000,55,2,2,1,https://chilepropiedades.cl/ver-publicacion/arriendo-mensual/la-serena/departamento/av-pacifico-751/111417418
450000,55,2,2,1,https://chilepropiedades.cl/ver-publicacion/arriendo-mensual/la-serena/departamento/av-pacifico-con-los-arrayanes/74869434
750000,51,2,2,1,https://chilepropiedades.cl/ver-publicacion/arriendo-mensual/la-serena/departamento/av-ulriksen-y-perales/115315796
550000,67,3,2,1,https://chilepropiedades.cl/ver-publicacion/arriendo-mensual/la-serena/departamento/avda-augusto-sepulveda-paul-1201/112155921
470000,45,2,2,1,https://chilepropiedades.cl/ver-publicacion/arriendo-mensual/la-serena/departamento/avda-augusto-sepulveda-paul-1201/114815596
460000,40,2,1,1,https://chilepropiedades.cl/ver-publicacion/arriendo-mensual/la-serena/departamento/avda-augusto-sepulveda-paul-1201/115869546
550000,53,1,1,1,https://chilepropiedades.cl/ver-publicacion/arriendo-mensual/la-serena/departamento/avda-francisco-de-aguirre-517/90815101
450000,46,1,1,1,https://chilepropiedades.cl/ver-publicacion/arriendo-mensual/la-serena/departamento/avda-francisco-de-aguirre-517/90815124
580000,47,1,1,1,https://chilepropiedades.cl/ver-publicacion/arriendo-mensual/la-serena/departamento/avda-pacifico-741/116655259
500000,45,1,1,1,https://chilepropiedades.cl/ver-publicacion/arriendo-mensual/la-serena/departamento/avda-pacifico-741/34685774
550000,65,2,2,1,https://chilepropiedades.cl/ver-publicacion/arriendo-mensual/la-serena/departamento/avda-pacifico-con-puerta-del-mar/10713155
430000,59,3,1,1,https://chilepropiedades.cl/ver-publicacion/arriendo-mensual/la-serena/departamento/avenida-arauco-5503/116185098
950000,71,2,2,1,https://chilepropiedades.cl/ver-publicacion/arriendo-mensual/la-serena/departamento/avenida-costanera-5415/104995810
348500,49,2,2,1,https://chilepropiedades.cl/ver-publicacion/arriendo-mensual/la-serena/departamento/avenida-costanera-del-rio-sur/57900571
470000,70,3,2,1,https://chilepropiedades.cl/ver-publicacion/arriendo-mensual/la-serena/departamento/avenida-cruz-del-molino-460/114868469
470000,60,1,1,1,https://chilepropiedades.cl/ver-publicacion/arriendo-mensual/la-serena/departamento/avenida-del-mar-2550/113343284
520000,70,2,2,1,https://chilepropiedades.cl/ver-publicacion/arriendo-mensual/la-serena/departamento/avenida-del-mar-arriendo-marzo-a-dic-145702/109560034
700000,101,3,2,1,https://chilepropiedades.cl/ver-publicacion/arriendo-mensual/la-serena/departamento/avenida-del-mar/113493177
700000,92,2,1,1,https://chilepropiedades.cl/ver-publicacion/arriendo-mensual/la-serena/departamento/avenida-del-mar/114850686
640000,84,2,2,1,https://chilepropiedades.cl/ver-publicacion/arriendo-mensual/la-serena/departamento/avenida-del-mar/116599593
650000,52,2,2,1,https://chilepropiedades.cl/ver-publicacion/arriendo-mensual/la-serena/departamento/avenida-el-milagro/117153392
455000,50,2,1,1,https://chilepropiedades.cl/ver-publicacion/arriendo-mensual/la-serena/departamento/avenida-estadio/116008638
420000,48,2,1,1,https://chilepropiedades.cl/ver-publicacion/arriendo-mensual/la-serena/departamento/avenida-gabriela-mistral-4219/115623748
600000,80,3,2,1,https://chilepropiedades.cl/ver-publicacion/arriendo-mensual/la-serena/departamento/avenida-guillerml-ulriksen/117214109
490000,54,2,1,1,https://chilepropiedades.cl/ver-publicacion/arriendo-mensual/la-serena/departamento/avenida-las-higueras-652/112052730
600000,69,2,2,1,https://chilepropiedades.cl/ver-publicacion/arriendo-mensual/la-serena/departamento/avenida-las-higueras/107379008
620000,70,2,2,1,https://chilepropiedades.cl/ver-publicacion/arriendo-mensual/la-serena/departamento/avenida-las-higueras/109100114
550000,58,3,2,1,https://chilepropiedades.cl/ver-publicacion/arriendo-mensual/la-serena/departamento/avenida-las-palmeras-7000/103321312
520000,54,3,2,1,https://chilepropiedades.cl/ver-publicacion/arriendo-mensual/la-serena/departamento/avenida-libertad-201/107087297
450000,54,3,2,1,https://chilepropiedades.cl/ver-publicacion/arriendo-mensual/la-serena/departamento/avenida-libertad-201/111858574
360000,64,3,2,0,https://chilepropiedades.cl/ver-publicacion/arriendo-mensual/la-serena/departamento/avenida-libertad/111860823
450000,41,2,1,1,https://chilepropiedades.cl/ver-publicacion/arriendo-mensual/la-serena/departamento/avenida-libertad/114330094
450000,50,2,2,0,https://chilepropiedades.cl/ver-publicacion/arriendo-mensual/la-serena/departamento/avenida-libertad/116389158
520000,69,2,2,1,https://chilepropiedades.cl/ver-publicacion/arriendo-mensual/la-serena/departamento/avenida-pacifico-3119/112906258
480000,50,3,1,1,https://chilepropiedades.cl/ver-publicacion/arriendo-mensual/la-serena/departamento/avenida-pacifico-3505/80888294
600000,70,2,2,1,https://chilepropiedades.cl/ver-publicacion/arriendo-mensual/la-serena/departamento/avenida-pacifico-5185/117300815
550000,52,2,2,1,https://chilepropiedades.cl/ver-publicacion/arriendo-mensual/la-serena/departamento/avenida-pacifico-740/104823116
550000,52,2,1,1,https://chilepropiedades.cl/ver-publicacion/arriendo-mensual/la-serena/departamento/avenida-pacifico-740/111265386
600000,74,3,2,1,https://chilepropiedades.cl/ver-publicacion/arriendo-mensual/la-serena/departamento/avenida-pacifico-740/111265407
850000,88,3,2,1,https://chilepropiedades.cl/ver-publicacion/arriendo-mensual/la-serena/departamento/avenida-pacifico-741/66277186
500000,63,2,2,1,https://chilepropiedades.cl/ver-publicacion/arriendo-mensual/la-serena/departamento/avenida-pacifico-altura-4-esquinas/107888136
480000,45,1,1,1,https://chilepropiedades.cl/ver-publicacion/arriendo-mensual/la-serena/departamento/avenida-pacifico-con-puerta-del-mar/115492784
550000,55,3,1,1,https://chilepropiedades.cl/ver-publicacion/arriendo-mensual/la-serena/departamento/avenida-pacifico-los-nisperos-avenida-del-mar/114280456
600000,50,2,1,1,https://chilepropiedades.cl/ver-publicacion/arriendo-mensual/la-serena/departamento/avenida-pacifico/111278921
520000,47,2,1,1,https://chilepropiedades.cl/ver-publicacion/arriendo-mensual/la-serena/departamento/avenida-pacifico/111563843
450000,56,3,1,1,https://chilepropiedades.cl/ver-publicacion/arriendo-mensual/la-serena/departamento/avenida-pacifico/112270562
490000,50,3,1,1,https://chilepropiedades.cl/ver-publicacion/arriendo-mensual/la-serena/departamento/avenida-pacifico/113908529
435000,56,3,1,1,https://chilepropiedades.cl/ver-publicacion/arriendo-mensual/la-serena/departamento/avenida-pacifico/115509961
550000,55,2,2,1,https://chilepropiedades.cl/ver-publicacion/arriendo-mensual/la-serena/departamento/avenida-pacifico/115604000
550000,60,2,2,1,https://chilepropiedades.cl/ver-publicacion/arriendo-mensual/la-serena/departamento/avenida-pacifico/116009339
650000,68,3,2,1,https://chilepropiedades.cl/ver-publicacion/arriendo-mensual/la-serena/departamento/avenida-pacifico/116009507
500000,45,2,1,1,https://chilepropiedades.cl/ver-publicacion/arriendo-mensual/la-serena/departamento/avenida-pacifico/117045559
450000,42,1,1,1,https://chilepropiedades.cl/ver-publicacion/arriendo-mensual/la-serena/departamento/avenida-puerta-del-mar/108288316
500000,40,1,1,1,https://chilepropiedades.cl/ver-publicacion/arriendo-mensual/la-serena/departamento/avenida-puertas-del-mar/117043992
500000,65,3,2,1,https://chilepropiedades.cl/ver-publicacion/arriendo-mensual/la-serena/departamento/avenida-rodolfo-wagenknecht/115350104
550000,51,2,1,1,https://chilepropiedades.cl/ver-publicacion/arriendo-mensual/la-serena/departamento/calle-28/93353753
460000,56,3,1,1,https://chilepropiedades.cl/ver-publicacion/arriendo-mensual/la-serena/departamento/calle-araucania-5431/115857596
480000,50,2,2,1,https://chilepropiedades.cl/ver-publicacion/arriendo-mensual/la-serena/departamento/calle-federico-arcos-397-la-serena/116350182
550000,60,1,1,1,https://chilepropiedades.cl/ver-publicacion/arriendo-mensual/la-serena/departamento/calle-luisa-kneer-2820/79037141
470000,50,2,2,0,https://chilepropiedades.cl/ver-publicacion/arriendo-mensual/la-serena/departamento/calle-rengifo-120-la-serena/115683475
550000,70,2,2,1,https://chilepropiedades.cl/ver-publicacion/arriendo-mensual/la-serena/departamento/como-departamento-en-arriendo-modelo-mariposa-entrega-01-de-abril-de-2026/109249029
590000,64,2,2,1,https://chilepropiedades.cl/ver-publicacion/arriendo-mensual/la-serena/departamento/con-excelente-conectividad-159456/116605776
500000,51,2,1,0,https://chilepropiedades.cl/ver-publicacion/arriendo-mensual/la-serena/departamento/con-facil-acceso-a-universidades-supermercados-comercio/112434219
800000,90,3,2,1,https://chilepropiedades.cl/ver-publicacion/arriendo-mensual/la-serena/departamento/con-vistas-despejadas-141040/107152231
520000,45,2,1,1,https://chilepropiedades.cl/ver-publicacion/arriendo-mensual/la-serena/departamento/cond-distrito-verde-a-pasos-de-u-central-160361/116868097
450000,47,2,1,1,https://chilepropiedades.cl/ver-publicacion/arriendo-mensual/la-serena/departamento/cond-firenze-ano-corrido-puertas-del-mar-144960/109067464
500000,57,3,2,1,https://chilepropiedades.cl/ver-publicacion/arriendo-mensual/la-serena/departamento/cond-los-tamarindos-ii-vacio-149176/111241629
600000,75,3,2,1,https://chilepropiedades.cl/ver-publicacion/arriendo-mensual/la-serena/departamento/condominio-altamura/114921297
600000,54,2,2,1,https://chilepropiedades.cl/ver-publicacion/arriendo-mensual/la-serena/departamento/condominio-alto-serena-v/114280988
490000,54,2,2,1,https://chilepropiedades.cl/ver-publicacion/arriendo-mensual/la-serena/departamento/condominio-altos-del-valle/112710515
570000,67,2,2,1,https://chilepropiedades.cl/ver-publicacion/arriendo-mensual/la-serena/departamento/condominio-barrio-universitario-4/115891149
600000,72,2,2,1,https://chilepropiedades.cl/ver-publicacion/arriendo-mensual/la-serena/departamento/condominio-barrio-universitario-6/117145307
600000,54,2,2,1,https://chilepropiedades.cl/ver-publicacion/arriendo-mensual/la-serena/departamento/condominio-barrio-universitario-vi/115847792
500000,39,2,1,0,https://chilepropiedades.cl/ver-publicacion/arriendo-mensual/la-serena/departamento/condominio-barrio-universitario/110657213
620000,57,2,2,1,https://chilepropiedades.cl/ver-publicacion/arriendo-mensual/la-serena/departamento/condominio-barrios-universitario/109321569
520000,68,3,2,1,https://chilepropiedades.cl/ver-publicacion/arriendo-mensual/la-serena/departamento/condominio-brisas-de-san-joaquin/113461049
750000,63,2,1,1,https://chilepropiedades.cl/ver-publicacion/arriendo-mensual/la-serena/departamento/condominio-club-oceano/77507518
750000,80,2,3,1,https://chilepropiedades.cl/ver-publicacion/arriendo-mensual/la-serena/departamento/condominio-costa-norte/117309892
425000,41,1,1,1,https://chilepropiedades.cl/ver-publicacion/arriendo-mensual/la-serena/departamento/condominio-distrito-verde-cerca-faro/110393488
650000,110,3,3,1,https://chilepropiedades.cl/ver-publicacion/arriendo-mensual/la-serena/departamento/condominio-don-libio/115891186
500000,66,3,1,1,https://chilepropiedades.cl/ver-publicacion/arriendo-mensual/la-serena/departamento/condominio-espacio-1/113285409
490000,53,2,1,1,https://chilepropiedades.cl/ver-publicacion/arriendo-mensual/la-serena/departamento/condominio-jardines-del-pacifico-2/112171013
510000,50,2,2,0,https://chilepropiedades.cl/ver-publicacion/arriendo-mensual/la-serena/departamento/condominio-jardines-del-pacifico-ii/110657160
550000,50,2,2,1,https://chilepropiedades.cl/ver-publicacion/arriendo-mensual/la-serena/departamento/condominio-jardines-del-pacifico-ii/110657181
620000,41,1,1,1,https://chilepropiedades.cl/ver-publicacion/arriendo-mensual/la-serena/departamento/condominio-laguna-del-mar/116585694
670000,74,2,2,1,https://chilepropiedades.cl/ver-publicacion/arriendo-mensual/la-serena/departamento/condominio-milagro-del-cerro-grande/116768589
600000,58,2,2,1,https://chilepropiedades.cl/ver-publicacion/arriendo-mensual/la-serena/departamento/condominio-neo-spazio/113849105
450000,60,2,1,1,https://chilepropiedades.cl/ver-publicacion/arriendo-mensual/la-serena/departamento/condominio-playa-pacifico-sector-penuelas/114829338
500000,74,2,1,1,https://chilepropiedades.cl/ver-publicacion/arriendo-mensual/la-serena/departamento/condominio-sol-del-pacifico/27068262
500000,63,3,2,1,https://chilepropiedades.cl/ver-publicacion/arriendo-mensual/la-serena/departamento/condominio-valle-de-la-florida-6/115998137
420000,55,2,1,0,https://chilepropiedades.cl/ver-publicacion/arriendo-mensual/la-serena/departamento/condominio-vista-sol/116998004
950000,132,3,2,1,https://chilepropiedades.cl/ver-publicacion/arriendo-mensual/la-serena/departamento/conectividad-y-confort-en-cada-rincon-153749/113115189
550000,52,3,1,1,https://chilepropiedades.cl/ver-publicacion/arriendo-mensual/la-serena/departamento/conectividad-y-estilo-en-un-solo-lugar-148519/111005859
500000,54,1,1,1,https://chilepropiedades.cl/ver-publicacion/arriendo-mensual/la-serena/departamento/consuelo-aguirre-alvarez-1515/115452756
900000,148,4,3,1,https://chilepropiedades.cl/ver-publicacion/arriendo-mensual/la-serena/departamento/cuatro-esquinas-74398/69658117
750000,69,2,2,1,https://chilepropiedades.cl/ver-publicacion/arriendo-mensual/la-serena/departamento/dep-en-suite-laguna-del-mar-la-serena-115714/92731245
600000,70,2,2,1,https://chilepropiedades.cl/ver-publicacion/arriendo-mensual/la-serena/departamento/departamento-amoblado-en-terrazas-del-sol3-156647/114826035
500000,45,2,1,1,https://chilepropiedades.cl/ver-publicacion/arriendo-mensual/la-serena/departamento/departamento-cerca-del-mar-157701/115332045
700000,72,2,2,0,https://chilepropiedades.cl/ver-publicacion/arriendo-mensual/la-serena/departamento/departamento-en-el-exclusivo-aqua-resort/113993595
600000,84,3,2,1,https://chilepropiedades.cl/ver-publicacion/arriendo-mensual/la-serena/departamento/departamento-frente-al-mar-159930/116569794
650000,65,2,1,1,https://chilepropiedades.cl/ver-publicacion/arriendo-mensual/la-serena/departamento/departamento-frente-al-mar-160277/116580095
620000,66,2,2,1,https://chilepropiedades.cl/ver-publicacion/arriendo-mensual/la-serena/departamento/departamento-nuevo-cond-barrio-universitario-150920/111914685
480000,43,1,1,1,https://chilepropiedades.cl/ver-publicacion/arriendo-mensual/la-serena/departamento/departamento-nuevo-en-arriendo-76640/70472125
120000,105,3,2,1,https://chilepropiedades.cl/ver-publicacion/arriendo-mensual/la-serena/departamento/descubre-tu-refugio-ideal-en-el-condominio-aqua/96464689
1200000,87,3,2,1,https://chilepropiedades.cl/ver-publicacion/arriendo-mensual/la-serena/departamento/despierta-frente-al-mar-la-serena-158394/115773007
750000,100,3,2,1,https://chilepropiedades.cl/ver-publicacion/arriendo-mensual/la-serena/departamento/dona-anita-arriendo-hasta-diciembre-la-serena/112155764
110000,100,3,2,1,https://chilepropiedades.cl/ver-publicacion/arriendo-mensual/la-serena/departamento/dona-anita-departamento-temporada-la-serena/104641476
630000,89,3,2,1,https://chilepropiedades.cl/ver-publicacion/arriendo-mensual/la-serena/departamento/edificio-marina-horizonte/115663207
450000,52,2,2,1,https://chilepropiedades.cl/ver-publicacion/arriendo-mensual/la-serena/departamento/emilio-apey-403/113294309
500000,56,3,2,1,https://chilepropiedades.cl/ver-publicacion/arriendo-mensual/la-serena/departamento/emilio-apey-apey-580/103501621
565000,51,1,1,1,https://chilepropiedades.cl/ver-publicacion/arriendo-mensual/la-serena/departamento/emilio-apey/110262252
520000,50,2,1,1,https://chilepropiedades.cl/ver-publicacion/arriendo-mensual/la-serena/departamento/emilio-apey/58785565
500000,54,2,2,1,https://chilepropiedades.cl/ver-publicacion/arriendo-mensual/la-serena/departamento/en-arriendo-alto-serena-iii-157624/115298562
400000,60,3,1,1,https://chilepropiedades.cl/ver-publicacion/arriendo-mensual/la-serena/departamento/en-av-pacifico-con-gc-154629/113602314
570000,48,2,2,1,https://chilepropiedades.cl/ver-publicacion/arriendo-mensual/la-serena/departamento/espacioso-departamento-amoblado-83972/75434785
660000,79,3,2,1,https://chilepropiedades.cl/ver-publicacion/arriendo-mensual/la-serena/departamento/excelente-departamento-amoblado-a-pasos-de-jumbo-ulricksen/115203596
580000,58,2,2,1,https://chilepropiedades.cl/ver-publicacion/arriendo-mensual/la-serena/departamento/excelente-ubicacion-160532/116895555
1000000,180,3,2,1,https://chilepropiedades.cl/ver-publicacion/arriendo-mensual/la-serena/departamento/exclusivo-condominio-laguna-del-mar-160566/116892422
570000,50,2,1,1,https://chilepropiedades.cl/ver-publicacion/arriendo-mensual/la-serena/departamento/frente-a-laguna-del-mar/108442233
650000,70,2,2,1,https://chilepropiedades.cl/ver-publicacion/arriendo-mensual/la-serena/departamento/frente-al-mar-con-alta-rentabilidad-132152/102179833
750000,90,2,2,1,https://chilepropiedades.cl/ver-publicacion/arriendo-mensual/la-serena/departamento/gabriela-mistral-3120-la-serena/112434360
100000,70,2,2,0,https://chilepropiedades.cl/ver-publicacion/arriendo-mensual/la-serena/departamento/gran-aqua-resort/99158593
480000,64,3,1,1,https://chilepropiedades.cl/ver-publicacion/arriendo-mensual/la-serena/departamento/gran-de-amoblado-en-los-tamarindos-iii/115888483
500000,63,2,2,1,https://chilepropiedades.cl/ver-publicacion/arriendo-mensual/la-serena/departamento/gran-departamento-en-condominio-aqua/114282746
520000,68,2,1,1,https://chilepropiedades.cl/ver-publicacion/arriendo-mensual/la-serena/departamento/hasta-diciembre-154417/113683462
560000,65,2,2,1,https://chilepropiedades.cl/ver-publicacion/arriendo-mensual/la-serena/departamento/hasta-diciembre-158821/115980444
400000,54,2,2,1,https://chilepropiedades.cl/ver-publicacion/arriendo-mensual/la-serena/departamento/hermoso-departamento-ano-corrido-93191/80434391
680000,75,2,2,1,https://chilepropiedades.cl/ver-publicacion/arriendo-mensual/la-serena/departamento/hermoso-departamento-en-arriendo-158290/115689545
600000,85,2,2,1,https://chilepropiedades.cl/ver-publicacion/arriendo-mensual/la-serena/departamento/ideal-para-vivir-de-marzo-a-diciembre-154091/113357404
500000,53,2,1,1,https://chilepropiedades.cl/ver-publicacion/arriendo-mensual/la-serena/departamento/insuperable-2d-en-cerro-grande-147785/110592720
450000,70,3,2,1,https://chilepropiedades.cl/ver-publicacion/arriendo-mensual/la-serena/departamento/la-reconquista-1736/114049640
650000,70,2,2,1,https://chilepropiedades.cl/ver-publicacion/arriendo-mensual/la-serena/departamento/la-serena-158828/115894623
460000,56,2,1,1,https://chilepropiedades.cl/ver-publicacion/arriendo-mensual/la-serena/departamento/la-serena-estac-156992/115206889
790000,74,2,2,1,https://chilepropiedades.cl/ver-publicacion/arriendo-mensual/la-serena/departamento/laguna-del-mar-158965/115981726
750000,80,3,2,1,https://chilepropiedades.cl/ver-publicacion/arriendo-mensual/la-serena/departamento/laguna-del-mar-158968/115981767
900000,77,3,2,1,https://chilepropiedades.cl/ver-publicacion/arriendo-mensual/la-serena/departamento/laguna-del-mar/98347088
420000,52,2,1,1,https://chilepropiedades.cl/ver-publicacion/arriendo-mensual/la-serena/departamento/las-higueras-652-altamar-iii/74767550
590000,57,2,2,1,https://chilepropiedades.cl/ver-publicacion/arriendo-mensual/la-serena/departamento/las-higueras/107347581
370000,53,3,1,1,https://chilepropiedades.cl/ver-publicacion/arriendo-mensual/la-serena/departamento/las-orquideas-5330/114539659
450000,53,3,1,1,https://chilepropiedades.cl/ver-publicacion/arriendo-mensual/la-serena/departamento/los-arandanos-5506/116235885
550000,60,2,2,1,https://chilepropiedades.cl/ver-publicacion/arriendo-mensual/la-serena/departamento/los-nisperos-1700/109492721
550000,60,2,2,1,https://chilepropiedades.cl/ver-publicacion/arriendo-mensual/la-serena/departamento/los-nisperos/111923913
500000,50,3,2,1,https://chilepropiedades.cl/ver-publicacion/arriendo-mensual/la-serena/departamento/los-perales-poniente/92230648
600000,72,2,2,1,https://chilepropiedades.cl/ver-publicacion/arriendo-mensual/la-serena/departamento/mar-serena-arriendo-marzo-diciembre-la-serena/109667098
450000,54,3,1,1,https://chilepropiedades.cl/ver-publicacion/arriendo-mensual/la-serena/departamento/marzo-a-dic-cerca-del-faro-153961/113265627
680000,60,2,2,1,https://chilepropiedades.cl/ver-publicacion/arriendo-mensual/la-serena/departamento/moderno-a-paso-de-la-av-del-mar-140388/106788680
600000,60,2,2,1,https://chilepropiedades.cl/ver-publicacion/arriendo-mensual/la-serena/departamento/moderno-con-excelente-conectividad-152825/112746782
500000,53,3,2,1,https://chilepropiedades.cl/ver-publicacion/arriendo-mensual/la-serena/departamento/moderno-con-vistas-despejadas-130221/100748172
950000,85,2,3,1,https://chilepropiedades.cl/ver-publicacion/arriendo-mensual/la-serena/departamento/moderno-departamento-en-primer-piso-142184/107682180
550000,55,1,1,1,https://chilepropiedades.cl/ver-publicacion/arriendo-mensual/la-serena/departamento/moderno-espacio-ubicacion-privilegiada-154168/113364135
600000,60,2,2,1,https://chilepropiedades.cl/ver-publicacion/arriendo-mensual/la-serena/departamento/neohaus-arriendo-marzo-dic-2026-la-serena/108247571
490000,60,3,1,1,https://chilepropiedades.cl/ver-publicacion/arriendo-mensual/la-serena/departamento/nova-pacifico-arriendo-hasta-diciembre/111857429
500000,51,2,1,1,https://chilepropiedades.cl/ver-publicacion/arriendo-mensual/la-serena/departamento/nuevo-con-vista-oriente-abril-a-diciemb-150004/111558960
450000,57,2,2,1,https://chilepropiedades.cl/ver-publicacion/arriendo-mensual/la-serena/departamento/nuevo-en-la-serena-ano-corrido/95360633
450000,63,3,2,1,https://chilepropiedades.cl/ver-publicacion/arriendo-mensual/la-serena/departamento/oscar-quiroz-morgado-1870/116350225
500000,50,2,2,1,https://chilepropiedades.cl/ver-publicacion/arriendo-mensual/la-serena/departamento/pacifico-3100-hermoso-departamento-hasta-diciembre/111834864
700000,60,2,2,1,https://chilepropiedades.cl/ver-publicacion/arriendo-mensual/la-serena/departamento/pacifico-con-cuatro-esquinas/116605640
650000,75,2,2,1,https://chilepropiedades.cl/ver-publicacion/arriendo-mensual/la-serena/departamento/penuela-norte/90237917
650000,69,3,2,1,https://chilepropiedades.cl/ver-publicacion/arriendo-mensual/la-serena/departamento/penuelas/117140663
720000,150,2,2,1,https://chilepropiedades.cl/ver-publicacion/arriendo-mensual/la-serena/departamento/precio-total-la-serena-golf-jardin-privado-primera-linea-frente-al-mar/87691955
1300000,110,4,3,1,https://chilepropiedades.cl/ver-publicacion/arriendo-mensual/la-serena/departamento/precioso-departamento-triplex-en-el-milagro-159305/116233747
580000,74,2,2,1,https://chilepropiedades.cl/ver-publicacion/arriendo-mensual/la-serena/departamento/primera-linea-av-del-mar/115086477
580000,64,3,2,1,https://chilepropiedades.cl/ver-publicacion/arriendo-mensual/la-serena/departamento/puertas-del-mar-la-serena-98649/84759522
600000,50,3,2,1,https://chilepropiedades.cl/ver-publicacion/arriendo-mensual/la-serena/departamento/puertas-del-mar/111662018
530000,60,2,1,1,https://chilepropiedades.cl/ver-publicacion/arriendo-mensual/la-serena/departamento/puertas-del-mar/114456051
450000,45,2,1,1,https://chilepropiedades.cl/ver-publicacion/arriendo-mensual/la-serena/departamento/puertas-del-mar/114523678
450000,45,3,1,1,https://chilepropiedades.cl/ver-publicacion/arriendo-mensual/la-serena/departamento/regimiento-arica/112841954
620000,78,3,2,1,https://chilepropiedades.cl/ver-publicacion/arriendo-mensual/la-serena/departamento/san-joaquin-2010/98800384
500000,56,3,1,1,https://chilepropiedades.cl/ver-publicacion/arriendo-mensual/la-serena/departamento/scl_codigo75809emilio-apey-580-condominio-portal-pacifico-iii/115084595
500000,56,3,1,1,https://chilepropiedades.cl/ver-publicacion/arriendo-mensual/la-serena/departamento/se-arrienda-amoblado-en-av-pacifico-159020/115954049
800000,82,2,3,1,https://chilepropiedades.cl/ver-publicacion/arriendo-mensual/la-serena/departamento/se-arrienda-departamento-duplex-av-del-mar-158758/115969072
600000,78,3,2,1,https://chilepropiedades.cl/ver-publicacion/arriendo-mensual/la-serena/departamento/se-arrienda-dpto-amoblado-puertas-del-mar-160020/116526045
500000,51,2,1,0,https://chilepropiedades.cl/ver-publicacion/arriendo-mensual/la-serena/departamento/se-ubica-en-el-corazon-de-las-principales-universidades/112434188
500000,71,2,2,1,https://chilepropiedades.cl/ver-publicacion/arriendo-mensual/la-serena/departamento/segura-en-entorno-tranquilo-158967/115981750
510000,70,3,2,1,https://chilepropiedades.cl/ver-publicacion/arriendo-mensual/la-serena/departamento/serena-154211/113368353
750000,75,2,2,1,https://chilepropiedades.cl/ver-publicacion/arriendo-mensual/la-serena/departamento/serena-golf/109089331
860000,75,2,2,1,https://chilepropiedades.cl/ver-publicacion/arriendo-mensual/la-serena/departamento/serena-golf/115055984
440000,55,3,2,1,https://chilepropiedades.cl/ver-publicacion/arriendo-mensual/la-serena/departamento/sin-amoblar-y-ano-corrido-y-157970/115500969
500000,47,3,2,1,https://chilepropiedades.cl/ver-publicacion/arriendo-mensual/la-serena/departamento/sodimac-la-serena/113605565
550000,48,3,1,1,https://chilepropiedades.cl/ver-publicacion/arriendo-mensual/la-serena/departamento/sol-de-penuelas-arriendo-hasta-diciembre/114107111
550000,60,2,2,1,https://chilepropiedades.cl/ver-publicacion/arriendo-mensual/la-serena/departamento/terrazas-del-sol-iii-marzo-a-diciembre-la-serena/108669111
520000,63,3,2,1,https://chilepropiedades.cl/ver-publicacion/arriendo-mensual/la-serena/departamento/tu-nuevo-hogar-en-el-mejor-sector-d-la-serena-160228/116807433
120000,130,3,2,1,https://chilepropiedades.cl/ver-publicacion/arriendo-mensual/la-serena/departamento/tu-refugio-frente-al-mar-en-la-serena/79326993
550000,48,1,1,1,https://chilepropiedades.cl/ver-publicacion/arriendo-mensual/la-serena/departamento/ubicado-en-sector-resort-laguna-del-mar-la-serena/115685247
550000,34,1,1,0,https://chilepropiedades.cl/ver-publicacion/arriendo-mensual/la-serena/departamento/unica-para-vivir-158378/115768596
550000,54,3,1,1,https://chilepropiedades.cl/ver-publicacion/arriendo-mensual/la-serena/departamento/vive-el-confort-en-departamento-exclusivo-153865/113187336
500000,58,2,2,1,https://chilepropiedades.cl/ver-publicacion/arriendo-mensual/la-serena/departamento/vive-junto-al-mar-de-marzo-a-diciembre/108669076
600000,70,3,2,1,https://chilepropiedades.cl/ver-publicacion/arriendo-mensual/la-serena/departamento/y-como-departamento-valor-arriendo-incluye-ggcc-2-banos-bodega-ubicado-a-150-metros-sup-jumbo/114196995
530000,61,3,2,0,https://portalinmobiliario.com/MLC-1726950375-arriendo-departamento-en-praderas-del-milagro-_JM
348500,49,2,2,1,https://portalinmobiliario.com/MLC-1866789025-departamento-avenida-costanera-del-rio-sur-id-140288-_JM
620000,64,3,1,1,https://portalinmobiliario.com/MLC-1867895705-departamento-en-arriendo-cond-los-fundadores-coquimbo-_JM
500000,43,2,1,0,https://portalinmobiliario.com/MLC-1867958571-marzo-a-diciembre-puerta-del-mar-_JM
500000,65,3,1,0,https://portalinmobiliario.com/MLC-1868100157-avenida-cuatro-esquinas-la-serena-_JM
1000000,96,3,2,0,https://portalinmobiliario.com/MLC-1877873803-moderno-departamento-arriendo-ano-corrido-faro-la-serena-_JM
550000,62,3,2,1,https://portalinmobiliario.com/MLC-1890242241-se-arrienda-departamento-cercano-a-universidades-la-serena-_JM
500000,58,2,2,1,https://portalinmobiliario.com/MLC-1890442103-vive-junto-al-mar-de-marzo-a-diciembre-_JM
450000,61,3,1,1,https://portalinmobiliario.com/MLC-1890450161-departamento-condominio-alto-hacienda-piso-10-_JM
500000,36,3,2,1,https://portalinmobiliario.com/MLC-1890537025-hermoso-depto-3d432b43e43b-coquimbo-_JM
500000,44,2,1,1,https://portalinmobiliario.com/MLC-1890775625-depto-nuevo-estilo-mariposa-en-los-lagos-penuelas-_JM
380000,48,2,1,1,https://portalinmobiliario.com/MLC-1891894065-departamento-en-arriendo-en-coquimbo-_JM
580000,57,2,2,1,https://portalinmobiliario.com/MLC-1891993817-se-arrienda-departamento-en-la-herradura-_JM
550000,66,2,1,1,https://portalinmobiliario.com/MLC-1892073119-arriendo-departamento-2hab-1ba-coquimbo-_JM
650000,75,2,2,1,https://portalinmobiliario.com/MLC-1892143185-se-arrienda-departamento-marzo-a-diciembre-costa-elqui-_JM
530000,63,3,2,1,https://portalinmobiliario.com/MLC-1892218679-edificio-oscar-quiroz-morgado-1-est-vista-oriente-piso-3-_JM
650000,65,2,2,0,https://portalinmobiliario.com/MLC-1892346753-se-arrienda-depto-amoblado-a-una-cuadra-de-playa-_JM
550000,59,2,1,0,https://portalinmobiliario.com/MLC-1892539307-arriendo-de-marzo-a-diciembre-depto-cercano-a-faro-_JM
500000,38,1,1,0,https://portalinmobiliario.com/MLC-1892746145-depto-ejecutivo-amoblado-a-pasos-de-faro-la-serena-_JM
1100000,90,2,2,1,https://portalinmobiliario.com/MLC-1893262989-arriendo-departamento-en-condominio-vistavalor-in-_JM
600000,65,2,2,1,https://portalinmobiliario.com/MLC-1893265279-arriendo-departamento-frente-al-mar-la-serena-_JM
1100000,89,2,2,1,https://portalinmobiliario.com/MLC-1893613901-departamento-en-arriendo-de-2-dorm-en-la-serena-_JM
550000,60,2,2,0,https://portalinmobiliario.com/MLC-1894514149-se-arrienda-ano-corrido-sector-el-milagro-la-serena-_JM
650000,68,2,2,0,https://portalinmobiliario.com/MLC-1895069709-departamento-nuevo-en-sector-el-milagro-_JM
620000,60,2,2,0,https://portalinmobiliario.com/MLC-1895440153-se-arrienda-hasta-diciembre-2d-2b-gastos-comunes-incluidos-_JM
500000,45,1,1,0,https://portalinmobiliario.com/MLC-1895851361-depto-arriendo-1-dorm-1-bano-marzo-diciembre-la-serena-_JM
950000,71,2,2,0,https://portalinmobiliario.com/MLC-1896055335-arriendo-departamento-cond-jardin-del-mar-coquimbo-_JM
600000,68,2,2,1,https://portalinmobiliario.com/MLC-1896852509-listo-para-habitar-y-con-ggcc-incluido-_JM
500000,56,2,1,1,https://portalinmobiliario.com/MLC-1896928827-depto-arriendo-marzo-a-diciembre-la-herradura-en-coquimbo-_JM
750000,70,2,2,1,https://portalinmobiliario.com/MLC-1896965773-vive-frente-al-mar-arriendo-ano-corrido-depto-2d-_JM
1200000,90,3,2,1,https://portalinmobiliario.com/MLC-1897025467-departamento-en-arriendo-de-marzo-a-diciembre-en-coquimbo-_JM
630000,59,2,2,0,https://portalinmobiliario.com/MLC-1897159745-dpto-amoblado-ano-corrido-primera-linea-vista-despejada-_JM
550000,70,2,2,0,https://portalinmobiliario.com/MLC-1897357207-departamento-en-arriendo-de-2-dorm-2-banos-en-la-serena-_JM
450000,61,3,2,1,https://portalinmobiliario.com/MLC-1897357383-arriendo-departamento-3d2b-a-6-minutos-del-centro-la-serena-_JM
700000,79,3,2,1,https://portalinmobiliario.com/MLC-1897368157-maravilloso-departamento-en-arriendo-de-3d2b-en-la-serena-_JM
470000,56,3,1,1,https://portalinmobiliario.com/MLC-1898472241-departamento-en-arriendo-3-dorm-bosque-san-carloscoquimbo-_JM
440000,57,2,2,1,https://portalinmobiliario.com/MLC-1898794583-arriendo-hasta-diciembre-frente-la-herradura-2d-2b-_JM
700000,101,3,2,0,https://portalinmobiliario.com/MLC-1898810589-en-arriendo-a-700000-depto-en-la-serena-3d2b-_JM
900000,83,2,2,0,https://portalinmobiliario.com/MLC-1899058635-comodo-departamento-con-hermosa-vista-al-mar-_JM
630000,59,2,2,0,https://portalinmobiliario.com/MLC-1900468733-dpto-amoblado-ano-corrido-primera-linea-vista-despejada-_JM
470000,50,1,1,0,https://portalinmobiliario.com/MLC-1900522113-se-arrienda-ano-corrido-1-dormitorio-1-bano-av-del-mar-_JM
480000,112,3,1,1,https://portalinmobiliario.com/MLC-1900583845-depto-3d-alto-hacienda-arriendo-ano-corrido-estac-_JM
700000,64,2,2,0,https://portalinmobiliario.com/MLC-1900694601-se-arrienda-dpto-amoblado-y-ano-corrido-en-la-serena-_JM
500000,55,3,1,1,https://portalinmobiliario.com/MLC-1900712153-departamento-frente-a-playa-la-herradura-coquimbo-_JM
590000,70,2,2,1,https://portalinmobiliario.com/MLC-1901714575-arriendo-depto-2-dormitorios-2-banos-1-est-el-milagro-_JM
600000,62,2,2,1,https://portalinmobiliario.com/MLC-1901951931-departamento-en-arriendo-amoblado-en-primera-line-_JM
570000,59,2,2,0,https://portalinmobiliario.com/MLC-1901962547-se-arrienda-departamento-barrio-universitario-_JM
470000,54,3,1,0,https://portalinmobiliario.com/MLC-1902152929-arriendo-departamento-amoblado-sector-islon-_JM
560000,55,2,2,0,https://portalinmobiliario.com/MLC-1902309171-se-arrienda-de-marzo-a-diciembre-sector-puertas-del-mar-_JM
450000,50,2,1,0,https://portalinmobiliario.com/MLC-1903460551-se-arrienda-ano-corrido-2d-1b-puertas-del-mar-_JM
670000,60,2,2,0,https://portalinmobiliario.com/MLC-1903698957-depto-amoblado-en-segunda-linea-de-av-del-mar-_JM
650000,67,2,2,1,https://portalinmobiliario.com/MLC-1903761309-aqua-resort-arriendo-marzo-diciembre-la-serena-_JM
800000,105,3,2,1,https://portalinmobiliario.com/MLC-1903772925-aqua-resort-marzo-diciembre-la-serena-_JM
865000,100,3,2,1,https://portalinmobiliario.com/MLC-1903785833-aqua-resort-arriendo-marzo-diciembre-la-serena-_JM
550000,46,1,1,1,https://portalinmobiliario.com/MLC-1904053449-departamento-nuevo-en-arriendo-marzo-a-diciembre-_JM
800000,94,3,2,1,https://portalinmobiliario.com/MLC-1904343211-arriendo-ano-corrido-amplio-departamento-con-excel-_JM
1390000,116,3,2,1,https://portalinmobiliario.com/MLC-1904368413-espectacular-depto-vista-al-mar-cond-vista-san-joaquin-_JM
800000,80,3,2,0,https://portalinmobiliario.com/MLC-1904376163-amoblado-a-pasos-del-mar-y-ruta-5-_JM
690000,81,3,2,0,https://portalinmobiliario.com/MLC-1904773159-amplio-y-comodo-departamento-en-segunda-linea-av-del-mar-_JM
550000,60,3,1,1,https://portalinmobiliario.com/MLC-1904813687-arriendo-departamento-con-vista-al-mar-en-coquimbo-_JM
600000,72,2,2,0,https://portalinmobiliario.com/MLC-1905420837-arriendo-departamento-avenida-pacifico-la-serena-_JM
750000,60,2,1,0,https://portalinmobiliario.com/MLC-1905420839-depto-amoblado-2-dorm-av-costanera-enjoy-coquimbo-_JM
700000,71,2,2,0,https://portalinmobiliario.com/MLC-1905432863-depto-3d-43-2b-431e-en-la-serena-_JM
750000,80,2,2,1,https://portalinmobiliario.com/MLC-1905517037-se-arrienda-depto-ano-corrido-la-serena-2-d-2b-_JM
1000000,88,2,2,0,https://portalinmobiliario.com/MLC-1905976635-departamento-nuevo-en-condominio-vista-san-joaquin-_JM
550000,60,2,2,0,https://portalinmobiliario.com/MLC-1906688465-se-arrienda-departamento-en-avenida-pacifico-_JM
680000,56,3,2,1,https://portalinmobiliario.com/MLC-1906813623-kp05-bello-departamento-amoblado-en-arriendo-coquimbo-_JM
720000,80,3,2,0,https://portalinmobiliario.com/MLC-1906818981-arriendo-departamento-con-vista-al-mar-penuelas-_JM
550000,48,3,1,1,https://portalinmobiliario.com/MLC-1906869703-sol-de-penuelas-arriendo-hasta-diciembre-_JM
490000,41,1,1,0,https://portalinmobiliario.com/MLC-1906894071-arriendo-departamento-nuevo-en-cumbres-del-milagro-_JM
600000,70,3,2,0,https://portalinmobiliario.com/MLC-1906991197-departamento-en-arriendo-en-la-serena-_JM
570000,53,2,2,0,https://portalinmobiliario.com/MLC-1908066533-en-terrazas-del-sol-lll-se-arrienda-departamento-_JM
435000,50,3,1,0,https://portalinmobiliario.com/MLC-1908320797-3d-1b-estac-univ-del-alba-incl-ggcc-hasta-diciembre-_JM
500000,63,2,2,1,https://portalinmobiliario.com/MLC-1908367273-gran-oportunidad-departamento-en-condominio-aqua-_JM
580000,80,3,2,1,https://portalinmobiliario.com/MLC-1908393377-moderno-depto-ulriksen-tres-dormitorios-vista-al-mar-_JM
560000,61,2,2,0,https://portalinmobiliario.com/MLC-1908420811-comodo-y-moderno-departamento-2d-2b-89554-_JM
600000,70,3,2,0,https://portalinmobiliario.com/MLC-1908497513-departamento-en-arriendo-de-3-dorm-2-banos-en-la-serena-_JM
415000,60,3,1,0,https://portalinmobiliario.com/MLC-1908616381-departamento-avenida-el-sauce-id-152384-_JM
950000,95,3,2,1,https://portalinmobiliario.com/MLC-1909543863-arriendo-ano-corrido-3-dormitorios-amoblado-cercan-_JM
350000,40,1,1,1,https://portalinmobiliario.com/MLC-1909660735-depto-1-dorm-1-bano-sector-puertas-del-mar-central-_JM
590000,78,2,2,0,https://portalinmobiliario.com/MLC-1909881759-frente-al-mar-en-primera-linea-impecable-dpto-amoblado-_JM
600000,85,3,2,1,https://portalinmobiliario.com/MLC-1909962123-departamento-dario-salas-id-151170-_JM
580000,67,3,2,1,https://portalinmobiliario.com/MLC-1910799975-hermoso-departamento-equipado-a-pasos-de-la-playa-_JM
630000,71,3,2,1,https://portalinmobiliario.com/MLC-1911106829-departamento-en-arriendo-ano-corrido-sector-san-joaquin-_JM
700000,50,2,2,0,https://portalinmobiliario.com/MLC-1911158393-arriendo-ano-corrido-_JM
850000,90,2,2,0,https://portalinmobiliario.com/MLC-1911246189-arriendo-departamento-2d-2b-edmundo-eluchans-en-renaca-_JM
530000,60,2,1,0,https://portalinmobiliario.com/MLC-1911292451-depto-amoblado-2d1b-ano-corrido-pdel-mar-vista-playa-_JM
420000,40,2,1,1,https://portalinmobiliario.com/MLC-1912599411-arriendo-departamento-anual-2-hab-cercano-centro-la-serena-_JM
450000,45,2,1,0,https://portalinmobiliario.com/MLC-1912918783-departamento-en-arriendo-de-2-dorm-en-la-serena-_JM
750000,68,2,2,1,https://portalinmobiliario.com/MLC-1913819297-departamento-con-finas-terminaciones-en-primera-li-_JM
500000,60,2,2,0,https://portalinmobiliario.com/MLC-1913861479-arriendo-dpto-amoblad2d2bano-corrido-15marz-22886-_JM
720000,68,2,2,1,https://portalinmobiliario.com/MLC-1914262567-gastoscom-incluidos-1ra-linea-espectac-vistacond-cerrado-_JM
950000,90,2,2,0,https://portalinmobiliario.com/MLC-1914365631-departamento-en-arriendo-2d2b-edmundo-eluchans-_JM
330000,30,1,1,1,https://portalinmobiliario.com/MLC-1914462615-departamento-en-arriendo-de-1-dorm-en-coquimbo-_JM
550000,65,2,2,0,https://portalinmobiliario.com/MLC-1914524485-departamento-arriendo-de-2-dorm-av-del-mar-en-la-serena-_JM
850000,89,2,3,0,https://portalinmobiliario.com/MLC-1914786667-duplex-en-arriendo-ano-corrido-y-amoblado-precio-incluye-gc-_JM
650000,74,3,2,0,https://portalinmobiliario.com/MLC-1914837037-arriendo-departamento-en-penuelas-con-vista-al-mar-_JM
570000,76,2,2,1,https://portalinmobiliario.com/MLC-1914892499-edificio-condominio-dona-gabriela-_JM
610000,60,2,2,1,https://portalinmobiliario.com/MLC-1914961191-arriendo-departamento-amoblado-coquimbo-la-serena-enjoy-_JM
500000,56,3,2,1,https://portalinmobiliario.com/MLC-1914979807-arriendo-ano-corrido-recien-renovado-_JM
700000,92,2,1,1,https://portalinmobiliario.com/MLC-1914980351-departamento-avenida-del-mar-id-169064-_JM
450000,60,2,1,0,https://portalinmobiliario.com/MLC-1914980663-departamento-en-arriendo-de-2-dorm-en-la-serena-_JM
600000,55,2,2,1,https://portalinmobiliario.com/MLC-1914986123-se-arrienda-depto-ano-corrido-el-milagro-_JM
330000,52,3,1,1,https://portalinmobiliario.com/MLC-1914996409-coquimbo-depto-amoblado-frente-playa-la-herradura-_JM
620000,70,2,2,1,https://portalinmobiliario.com/MLC-1915356893-departamento-avenida-las-higueras-id-165631-_JM
700000,71,2,2,1,https://portalinmobiliario.com/MLC-1915992465-se-arrienda-departamento-amoblado-jardin-del-mar-_JM
580000,52,2,2,1,https://portalinmobiliario.com/MLC-1916185801-departamento-en-arriendo-estilo-mariposa-2d-2b--_JM
500000,60,2,2,1,https://portalinmobiliario.com/MLC-1916203007-arriendo-depto-semi-nuevo-2d2b-marzo-a-dic-puertas-del-mar-_JM
600000,64,2,2,1,https://portalinmobiliario.com/MLC-1916243647-primera-linea-av-del-mar-piscina-con-olas-y-tempe-_JM
680000,60,3,2,0,https://portalinmobiliario.com/MLC-1916293179-arriendo-departamento-3hab-2ba-la-serena-_JM
550000,45,1,1,0,https://portalinmobiliario.com/MLC-1916371703-se-arrienda-departamento-sector-cisterna-_JM
900000,80,2,2,1,https://portalinmobiliario.com/MLC-1916377365-departamento-en-arriendo-en-san-joaquin-la-serena-_JM
750000,82,3,2,0,https://portalinmobiliario.com/MLC-1916382679-amplio-departamento-cerca-de-todo-156901-_JM
440000,50,2,1,1,https://portalinmobiliario.com/MLC-1916702851-arriendo-para-estudiantes-145394-_JM
700000,74,3,2,0,https://portalinmobiliario.com/MLC-1916800651-arriendo-de-marzo-a-diciembre-depto-segunda-linea-av-del-mar-_JM
510000,50,2,2,0,https://portalinmobiliario.com/MLC-1916828363-arriendo-departamento-2-dormitorios-amoblado-puertas-del-mar-_JM
550000,50,2,2,0,https://portalinmobiliario.com/MLC-1916841273-arriendo-depto-amoblado-2d-2b-puertas-del-mar-la-serena-_JM
450000,58,3,1,0,https://portalinmobiliario.com/MLC-1917199477-departamento-en-arriendo-_JM
450000,35,1,1,1,https://portalinmobiliario.com/MLC-1917320467-arriendo-departamento-1d-1b-en-pleno-centro-de-coquimbo-_JM
400000,64,3,2,1,https://portalinmobiliario.com/MLC-1917430163-departamento-en-arriendo-en-av-el-sauce-coquimbo-_JM
470000,58,2,2,1,https://portalinmobiliario.com/MLC-1917602669-departamento-avenida-el-sauce-id-169002-_JM
580000,74,2,2,0,https://portalinmobiliario.com/MLC-1917626547-departamento-en-arriendo-de-2-dorm-en-la-serena-av-del-mar-_JM
660000,70,2,2,1,https://portalinmobiliario.com/MLC-1917637629-hermosa-vista-al-mar-en-plena-av-costanera-_JM
690000,70,2,2,1,https://portalinmobiliario.com/MLC-1917684711-full-amoblado-con-gastos-comunes-incluidos-_JM
550000,53,2,2,0,https://portalinmobiliario.com/MLC-1918797987-departamento-amoblado-2d-condominio-la-serena-_JM
500000,60,3,1,0,https://portalinmobiliario.com/MLC-1918833411-se-arrienda-sector-av-del-mar-3d-1b-amoblado-ggcc-incluidos-_JM
450000,43,1,1,1,https://portalinmobiliario.com/MLC-1918845591-arriendo-centro-de-coquimbo-depto-amoblado-con-vista-al-mar-_JM
550000,53,2,2,1,https://portalinmobiliario.com/MLC-1918872439-arriendo-departamento-amoblado-hasta-diciembre-en--_JM
425000,30,1,1,1,https://portalinmobiliario.com/MLC-1918916921-departamento-en-av-pacifico-puertas-del-mar-_JM
1100000,120,3,2,1,https://portalinmobiliario.com/MLC-1918922413-hermoso-departamento-en-primera-linea-y-vista-frontal-_JM
600000,50,3,2,0,https://portalinmobiliario.com/MLC-1919028073-departamento-en-arriendo-de-3-dorm-en-la-serena-_JM
530000,66,2,2,1,https://portalinmobiliario.com/MLC-1919089427-departamento-en-arriendo-en-penuelas-miraolas-_JM
650000,66,2,2,1,https://portalinmobiliario.com/MLC-1919100649-arriendo-sector-norte-de-coquimbo-penuelas-_JM
660000,79,3,2,0,https://portalinmobiliario.com/MLC-1919132075-arriendo-departamento-amoblado-3d2b1e-barrio-universitario-_JM
470000,60,2,2,1,https://portalinmobiliario.com/MLC-1919153395-se-arrienda-de-marzo-a-diciembre-en-avda-el-mar-_JM
450000,45,1,1,1,https://portalinmobiliario.com/MLC-1919154017-departamento-en-arriendo-en-coquimbo-y-la-serena-_JM
550000,58,2,1,0,https://portalinmobiliario.com/MLC-1919161281-departamento-ano-corrido-a-pasos-de-la-playa-la-serena-_JM
650000,65,2,2,1,https://portalinmobiliario.com/MLC-1919413307-departamento-amoblado-ano-corrido-coquimbo-151320-_JM
595000,68,2,2,1,https://portalinmobiliario.com/MLC-1919568643-arrienda-dpto-amoblado-ano-corrido-85285-_JM
500000,50,3,2,1,https://portalinmobiliario.com/MLC-1920283597-departamento-los-perales-poniente-id-158008-_JM
500000,47,2,2,0,https://portalinmobiliario.com/MLC-1920398325-arriendo-dpto-2d-2b-amoblado-ano-corrido-157650-_JM
500000,55,3,1,1,https://portalinmobiliario.com/MLC-1920405637-se-arrienda-depto-hasta-diciembre-condominio-4-esquinas-_JM
450000,60,3,1,1,https://portalinmobiliario.com/MLC-1920771203-arriendo-en-alto-hacienda-151410-_JM
550000,79,3,2,0,https://portalinmobiliario.com/MLC-1920793063-arriendo-dpto-amoblado-mar-a-dic-3d2b-151506-_JM
490000,47,2,2,0,https://portalinmobiliario.com/MLC-1920811861-departamento-en-arriendo-hasta-diciembre-_JM
400000,51,3,1,0,https://portalinmobiliario.com/MLC-1920836277-arriendo-dpto-cerca-de-la-playa-a-a-d-70128-_JM
700000,90,2,2,1,https://portalinmobiliario.com/MLC-1920860345-arriendo-marzo-diciembre-101141-_JM
450000,62,3,1,1,https://portalinmobiliario.com/MLC-1921844059-depto-a-una-cuadra-de-la-playa-con-3-habitaciones-_JM
630000,90,2,2,0,https://portalinmobiliario.com/MLC-1921903685-arriendo-hermoso-departamento-151666-_JM
595000,50,2,2,1,https://portalinmobiliario.com/MLC-1921932483-acogedor-departamento-con-excelente-conectivi-151709-_JM
400000,59,1,1,0,https://portalinmobiliario.com/MLC-1921965101-arrienda-dpto-amoblado-marzo-dic-2026-91239-_JM
680000,75,2,2,0,https://portalinmobiliario.com/MLC-1921973683-hermoso-depto-ano-corrido-a-pasos-del-mar-140388-_JM
490000,37,2,1,1,https://portalinmobiliario.com/MLC-1922261885-depto-490000-amoblado-2h1b1e-federico-de-arcos-la-sere-_JM
435000,56,3,1,1,https://portalinmobiliario.com/MLC-1922612065-departamento-avenida-pacifico-id-169207-_JM
850000,84,2,2,0,https://portalinmobiliario.com/MLC-1922615603-departamento-frente-al-mar-serena-golf-_JM
550000,52,2,2,0,https://portalinmobiliario.com/MLC-1922698777-arriendo-departamento-puertas-del-mar-marzo-dic-_JM
440000,58,3,2,0,https://portalinmobiliario.com/MLC-1922796025-ano-corrido-sin-amoblar-157970-_JM
550000,57,2,2,0,https://portalinmobiliario.com/MLC-1923730317-arriendo-de-departamento-en-anibal-pinto-_JM
850000,80,3,2,1,https://portalinmobiliario.com/MLC-1923810641-departamento-en-arriendo-en-penuelas-_JM
650000,51,2,2,1,https://portalinmobiliario.com/MLC-1923815993-arriendo-departamento-amoblado-la-herradura-_JM
750000,89,3,2,1,https://portalinmobiliario.com/MLC-1923818371-hermoso-departamento-en-condominio-a-pasos-de-la-playa-_JM
495000,55,2,1,1,https://portalinmobiliario.com/MLC-1923873887-departamento-en-av-del-mar-la-serena-_JM
150000,120,4,3,0,https://portalinmobiliario.com/MLC-1923877967-arriendo-diario-feriados-vacaciones-la-serena-_JM
450000,32,1,1,1,https://portalinmobiliario.com/MLC-1923892175-edificio-av-pedro-nolasco-videla-vista-norte-piso-11-_JM
600000,90,2,2,1,https://portalinmobiliario.com/MLC-1923939839-hermoso-departamento-nuevo-_JM
450000,45,1,1,0,https://portalinmobiliario.com/MLC-1923979467-departamento-en-arriendo-avenida-del-mar-1-dormitorio-_JM
850000,65,3,2,1,https://portalinmobiliario.com/MLC-1924255521-moderno-depto-amoblado-primer-piso-en-av-los-lagos-_JM
550000,75,2,2,0,https://portalinmobiliario.com/MLC-1925231791-se-arrienda-detras-de-enjoy-marzo-a-diciembre-_JM
550000,40,1,1,0,https://portalinmobiliario.com/MLC-1925536309-departamento-laguna-del-mar-la-serena-_JM
480000,53,2,2,0,https://portalinmobiliario.com/MLC-1925544051-departamento-en-arriendo-en-la-serena-_JM
550000,80,3,2,1,https://portalinmobiliario.com/MLC-1925625913-en-arriendo-departamento-3d-y-2b-amoblado-av-waldo-alcalde-_JM
500000,46,2,1,1,https://portalinmobiliario.com/MLC-1925672643-arriendo-departamento-amoblado-marzo-a-diciembre-_JM
550000,48,1,1,0,https://portalinmobiliario.com/MLC-1925673625-arriendo-depto-amoblado-laguna-del-mar-gc-incluidos-_JM
550000,55,2,2,1,https://portalinmobiliario.com/MLC-1925725605-departamento-avenida-pacifico-id-168244-_JM
850000,69,2,2,0,https://portalinmobiliario.com/MLC-1925733697-condominio-la-laguna-arriendo-ano-corrido-_JM
550000,52,2,1,0,https://portalinmobiliario.com/MLC-1926001157-arriendo-departamento-2hab-1ba-la-serena-_JM
450000,54,2,2,1,https://portalinmobiliario.com/MLC-1926004565-depto-en-sector-residencial-el-milagro-excelente-barrio-_JM
500000,50,2,1,1,https://portalinmobiliario.com/MLC-1926012395-departamento-amoblado-de-marzo-a-diciembre-en-paci-_JM
480000,64,3,1,1,https://portalinmobiliario.com/MLC-1926968349-arriendo-depto-nuevo-3d1b-vista-al-mar-coquimbo-_JM
600000,50,2,1,1,https://portalinmobiliario.com/MLC-1926971581-departamento-avenida-pacifico-id-167134-_JM
500000,71,2,2,0,https://portalinmobiliario.com/MLC-1926972489-arriendo-departamento-amoblado-ano-corrido-158653-_JM
500000,70,3,1,1,https://portalinmobiliario.com/MLC-1926973787-departamento-3d-1b-est-gcomun-inc-portal-del-mar-amoblado-_JM
480000,53,2,2,0,https://portalinmobiliario.com/MLC-1927006145-se-arrienda-departamento-amoblado-en-ciudad-de-la-serena-_JM
450000,63,3,1,0,https://portalinmobiliario.com/MLC-1927006283-departamento-en-arriendo-en-la-serena-_JM
450000,45,3,1,1,https://portalinmobiliario.com/MLC-1927008369-departamento-regimiento-arica-id-168333-_JM
450000,54,2,2,1,https://portalinmobiliario.com/MLC-1927012201-departamento-2-habitacion-y-2-banos-_JM
500000,70,2,2,1,https://portalinmobiliario.com/MLC-1927067155-departamento-los-navegantes-id-169454-_JM
460000,56,3,1,1,https://portalinmobiliario.com/MLC-1928308261-arriendo-departamento-amoblado-la-serena-_JM
560000,65,2,2,0,https://portalinmobiliario.com/MLC-1928336799-arriendo-departamento-amoblado-158821-_JM
630000,57,2,2,1,https://portalinmobiliario.com/MLC-1928338539-arriendo-departamento-amoblado-detras-casino-enjoy-coquimbo-_JM
650000,78,2,2,0,https://portalinmobiliario.com/MLC-1928351471-departamento-2d-2b-con-vista-al-mar-la-serena-158828-_JM
750000,55,2,2,0,https://portalinmobiliario.com/MLC-1928363671-departamento-en-arriendo-laguna-del-mar-en-la-serena-_JM
390000,57,3,1,1,https://portalinmobiliario.com/MLC-1928364807-arriendo-ano-corrido-bosque-san-carlos-_JM
650000,90,3,2,0,https://portalinmobiliario.com/MLC-1929554509-arriendo-ano-corrido-puertas-del-mar-la-serena-_JM
450000,65,3,2,1,https://portalinmobiliario.com/MLC-1929571755-luminoso-3d-2b-sol-de-tarde-amplia-logia-y-gran-conectivid-_JM
1250000,169,4,4,1,https://portalinmobiliario.com/MLC-1929576097-penthouse-vista-mar-4d-coquimbo-159054-_JM
700000,65,2,2,0,https://portalinmobiliario.com/MLC-1929578903-depto-amoblado-tipo-mariposa-en-condominio-laguna-del-mar-_JM
540000,55,2,2,1,https://portalinmobiliario.com/MLC-1929590533-departamento-en-arriendo-en-avenida-pacifico-la-serena-_JM
470000,57,2,2,1,https://portalinmobiliario.com/MLC-1929776391-depto-nuevo-sin-muebles-en-penuelas-153055-_JM
600000,68,2,2,0,https://portalinmobiliario.com/MLC-1929799195-2d432b-estacionamiento-bodega-y-gasto-comun-incluido-_JM
650000,57,3,2,1,https://portalinmobiliario.com/MLC-1929799325-arriendo-dpto-cerca-enjoy-coquimbo-159124-_JM
500000,70,3,1,1,https://portalinmobiliario.com/MLC-1929801227-ano-corrido-amoblado-en-condominio-alto-hacienda-_JM
350000,42,1,1,1,https://portalinmobiliario.com/MLC-1929812601-arriendo-amoblado-departamento-86921-_JM
600000,55,2,1,0,https://portalinmobiliario.com/MLC-1929812747-depto-amoblado-cercano-a-faro-la-serena-_JM
530000,55,2,2,1,https://portalinmobiliario.com/MLC-1929831853-amplio-departamento-ano-corrido-amoblado-en-piso-c-_JM
450000,52,2,1,1,https://portalinmobiliario.com/MLC-1930673989-departamento-amoblado-de-2d1b-cercano-a-ruta-5-la-serena-_JM
650000,68,2,2,1,https://portalinmobiliario.com/MLC-1930685179-departamento-amoblado-gasto-comun-incluido-con-in-_JM
1500000,180,4,3,1,https://portalinmobiliario.com/MLC-1930687337-hermoso-penthouse-en-avenida-del-mar-147450-_JM
1300000,142,4,3,0,https://portalinmobiliario.com/MLC-1930691431-espacioso-y-luminoso-en-sector-tranquilo-159305-_JM
550000,66,2,2,1,https://portalinmobiliario.com/MLC-1930692285-se-arriendaano-corridoamobladoedificio-marina-oceano-_JM
400000,58,3,2,1,https://portalinmobiliario.com/MLC-1931459435-departamento-en-arriendo-3-dorm-sector-los-lagos-coquimbo-_JM
550000,65,3,2,1,https://portalinmobiliario.com/MLC-1931459487-dpto-ano-corrido-amoblado-sector-lider-rgto-arica-_JM
450000,60,1,1,0,https://portalinmobiliario.com/MLC-1931460653-arrienda-dpto-amoblado-1d1b-frontal-mar-21802-_JM
550000,52,2,1,0,https://portalinmobiliario.com/MLC-1931471975-arriendo-departamento-puertas-del-mar-ano-corrido-_JM
420000,60,3,1,1,https://portalinmobiliario.com/MLC-1931472621-depto-en-arriendo-excelente-ubicacion-153543-_JM
500000,61,1,1,0,https://portalinmobiliario.com/MLC-1931472651-arriendo-dpto-1d1b-amoblado-153398-_JM
1400000,114,4,3,0,https://portalinmobiliario.com/MLC-1931472987-se-arrienda-departamento-duplex-en-avenida-del-mar-_JM
475000,58,3,1,0,https://portalinmobiliario.com/MLC-1931473249-arriendo-dpto-amoblado-3d1b-mar-a-dic-77843-_JM
620000,57,2,2,0,https://portalinmobiliario.com/MLC-1931501745-departamento-en-arriendo-de-2-dorm-en-la-serena-_JM
650000,70,3,2,0,https://portalinmobiliario.com/MLC-1931505923-departamento-arriendo-3-habitaciones-2-banos-1-e-y-bodega-_JM
650000,65,2,2,1,https://portalinmobiliario.com/MLC-1931505983-depto-amoblado-2d-2b-1e-75-mt-vista-al-mar-la-herradura-coqu-_JM
580000,76,3,2,1,https://portalinmobiliario.com/MLC-1931507607-arriendo-departamento-amoblado-coquimbo-_JM
590000,76,2,2,0,https://portalinmobiliario.com/MLC-1931508035-excelente-depto-dos-dormitorios-mas-sala-esta-159456-_JM
500000,60,3,1,1,https://portalinmobiliario.com/MLC-1931539977-dpto-amoblado-sector-lider-rgto-arica-ano-corrido-_JM
500000,60,3,1,1,https://portalinmobiliario.com/MLC-1931540077-sin-muebles-ano-corrido-comodo-dpto-el-milagro-la-serena-_JM
560000,60,2,2,0,https://portalinmobiliario.com/MLC-1931540091-arriendo-departamento-avenida-pacifico-ano-corrido-serena-_JM
550000,58,3,2,0,https://portalinmobiliario.com/MLC-1931540111-departamento-nuevo-en-arriendo-el-milagro-la-serena-_JM
600000,74,3,2,0,https://portalinmobiliario.com/MLC-1931540183-departamento-en-arriendo-3-2-en-la-serena-_JM
600000,64,3,1,1,https://portalinmobiliario.com/MLC-1931540851-depto-ano-corrido-amoblado-cerca-hospital-147629-_JM
650000,65,2,1,0,https://portalinmobiliario.com/MLC-1931540965-condominio-jardin-del-mar-los-espera-124805-_JM
400000,48,1,1,0,https://portalinmobiliario.com/MLC-1931544655-arriendo-moderno-departamento-en-el-milagro-1-dormitorio-1-b-_JM
690000,70,2,2,1,https://portalinmobiliario.com/MLC-1932620739-departamento-amoblado-con-gastos-comunes-incluidos-_JM
450000,49,2,1,1,https://portalinmobiliario.com/MLC-1932628209-se-arrienda-departamento-de-abril-a-diciembre-en-4-esquinas-_JM
600000,78,3,2,1,https://portalinmobiliario.com/MLC-1932629519-gran-vista-panoramica-seguridad-todos-los-servicios-a-mts-_JM
450000,50,2,2,0,https://portalinmobiliario.com/MLC-1932629981-departamento-avenida-libertad-id-169859-_JM
450000,60,3,1,1,https://portalinmobiliario.com/MLC-1932761745-ano-corrido-amoblado-_JM
950000,243,3,2,0,https://portalinmobiliario.com/MLC-1932772905-conectividad-y-confort-en-cada-rincon-153749-_JM
500000,74,2,1,0,https://portalinmobiliario.com/MLC-1933307381-condominio-sol-del-pacifico-_JM
550000,57,2,2,0,https://portalinmobiliario.com/MLC-1933310393-arriendo-departamento-san-joaquin-barrio-universitario-ii-_JM
850000,90,3,2,0,https://portalinmobiliario.com/MLC-1933315715-arriendo-hasta-diciembre-para-familias-159737-_JM
850000,72,2,2,0,https://portalinmobiliario.com/MLC-1933349013-arriendo-ano-corrido-jardin-del-mar-coquimbo-_JM
680000,74,3,2,1,https://portalinmobiliario.com/MLC-1933349877-arriendo-depto-3d2b-sector-penuelas-_JM
610000,60,2,2,1,https://portalinmobiliario.com/MLC-1933355613-departamento-amoblado-2d2b-sector-penuelas-coquimbo-_JM
470000,50,2,2,1,https://portalinmobiliario.com/MLC-1933356575-departamento-avenida-waldo-alcalde-id-169730-_JM
750000,104,3,2,1,https://portalinmobiliario.com/MLC-1933992617-inversion-ideal-amplio-y-comodo-159782-_JM
500000,45,2,1,1,https://portalinmobiliario.com/MLC-1934007443-departamento-baldomero-orrego-id-166787-_JM
550000,49,2,2,1,https://portalinmobiliario.com/MLC-1935449181-arriendo-departamento-avda-los-pescadores-_JM
380000,58,3,1,1,https://portalinmobiliario.com/MLC-1935449455-departamento-gladys-marin-id-167162-_JM
500000,82,3,2,1,https://portalinmobiliario.com/MLC-1935449845-departamento-la-serena-a-pasos-de-av-del-mar-_JM
450000,35,2,1,1,https://portalinmobiliario.com/MLC-1935459017-arriendo-ano-corrido-en-penuelas-norte-_JM
600000,70,2,2,1,https://portalinmobiliario.com/MLC-1935474949-lindo-departamento-amoblado-hasta-diciembre-_JM
380000,25,1,1,0,https://portalinmobiliario.com/MLC-1935475307-departamento-avenida-varela-id-158858-_JM
300000,47,3,1,0,https://portalinmobiliario.com/MLC-1935476057-arriendo-dpto-3d-1b-excelente-conectividad-160013-_JM
900000,70,2,2,1,https://portalinmobiliario.com/MLC-1935569927-exclusivo-depto-semi-amoblado-san-joaquin-vista-panoramica-_JM
620000,58,3,2,0,https://portalinmobiliario.com/MLC-1935577113-departamento-en-arriendo-de-3-dorm-en-la-serena-_JM
700000,64,2,2,0,https://portalinmobiliario.com/MLC-1935617211-arriendo-departamento-2hab-2ba-la-serena-_JM
900000,105,4,3,1,https://portalinmobiliario.com/MLC-1935617655-edificio-dario-salas-1-est-1-bod-vista-norponiente-piso-_JM
450000,57,3,1,0,https://portalinmobiliario.com/MLC-1935620793-marzo-a-dic-3-dormitorios-cerca-del-faro-153961-_JM
900000,80,3,2,0,https://portalinmobiliario.com/MLC-1935690757-arriendo-departamento-3hab-2ba-la-serena-_JM
750000,83,3,2,1,https://portalinmobiliario.com/MLC-1935693943-ano-corrido-amoblado-marina-horizonte-3d2b-148051-_JM
450000,67,3,2,1,https://portalinmobiliario.com/MLC-1936859295-comodo-departamento-a-pasos-de-playa-la-serena-_JM
620000,79,3,2,0,https://portalinmobiliario.com/MLC-1936860481-amplio-departamento-3d2b1b1e-jumbo-ulriksen-incluye-gc-_JM
580000,64,3,2,1,https://portalinmobiliario.com/MLC-1936865407-arriendo-excelente-departamento-en-la-serena-_JM
640000,84,2,2,0,https://portalinmobiliario.com/MLC-1936870121-venta-o-arriendo-amoblado-serena-golf-2d-2-b-7984-m2-_JM
490000,54,3,1,1,https://portalinmobiliario.com/MLC-1936871965-departamento-en-arriendo-con-pomocion-_JM
470000,60,3,1,0,https://portalinmobiliario.com/MLC-1936881441-se-arrienda-departamento-ano-corrido-semi-equipado-_JM
700000,60,2,2,0,https://portalinmobiliario.com/MLC-1936890089-segunda-linea-vista-ano-corrido-2d2b-est-gc-incluidos-_JM
460000,48,1,1,0,https://portalinmobiliario.com/MLC-1936894683-arriendo-departamento-sector-puertas-del-mar-la-serena-_JM
440000,47,2,2,0,https://portalinmobiliario.com/MLC-1936924361-2-dormitorios-2-banos-estac-ggcc-incluidos-_JM
460000,54,2,1,0,https://portalinmobiliario.com/MLC-1936932061-arriendo-2d-1b-la-serena-ano-corrido-vacio-160221-_JM
800000,90,2,2,0,https://portalinmobiliario.com/MLC-1938068955-arriendo-exclusivo-departamento-2d-2b-vista-a-bahia-_JM
490000,49,2,1,0,https://portalinmobiliario.com/MLC-1938070927-arriendo-frente-al-mar-ano-corrido-_JM
400000,55,2,1,1,https://portalinmobiliario.com/MLC-1938078993-arriendo-ano-corrido-condominio-alto-hacienda-_JM
580000,60,2,2,1,https://portalinmobiliario.com/MLC-1938079709-departamento-en-arriendo-edificio-santa-rosa-del-mar-_JM
950000,100,3,2,1,https://portalinmobiliario.com/MLC-1938079835-espectacular-depto-amoblado-3d2b-av-del-mar-_JM
580000,70,3,2,1,https://portalinmobiliario.com/MLC-1938080037-excelente-departamento-condominio-las-americas-coquimbo-_JM
550000,65,3,2,1,https://portalinmobiliario.com/MLC-1938092805-departamento-en-arriendo-a-pasos-de-la-playa-la-serena-_JM
550000,59,2,2,0,https://portalinmobiliario.com/MLC-1938121475-acogedor-depto-en-puertas-del-mar-cercano-a-universidades-_JM
520000,72,3,2,0,https://portalinmobiliario.com/MLC-1938121803-arriendo-departamento-ano-corrido-la-serena-160228-_JM
650000,72,3,2,0,https://portalinmobiliario.com/MLC-1938122127-se-arrienda-departamento-ano-corrido-con-hermosa-vista-_JM
580000,47,1,1,0,https://portalinmobiliario.com/MLC-1938122249-arriendo-departamento-amoblado-laguna-del-mar-la-serena-_JM
570000,56,2,2,0,https://portalinmobiliario.com/MLC-1938122617-arriendo-departamento-vicuna-mackenna-_JM
530000,50,3,1,0,https://portalinmobiliario.com/MLC-1938450087-se-arrienda-full-amoblado-3d-1b-puertas-del-mar-_JM
520000,71,2,1,0,https://portalinmobiliario.com/MLC-1938451269-arriendo-departamento-hasta-diciembre-154417-_JM
530000,57,3,1,0,https://portalinmobiliario.com/MLC-1938451353-ano-corrido-3-dormitorios-cerca-del-faro-131765-_JM
390000,50,3,1,1,https://portalinmobiliario.com/MLC-1938452353-departamento-avenida-el-sauce-id-167564-_JM
550000,60,3,1,1,https://portalinmobiliario.com/MLC-1938452693-arriendo-departamento-en-los-clarines-coquimbo-_JM
550000,59,2,2,1,https://portalinmobiliario.com/MLC-1938453295-se-arrienda-departamento-amoblado-a-pasos-de-ruta-5-coquimbo-_JM
500000,37,1,1,1,https://portalinmobiliario.com/MLC-1938465299-departamento-recoleta-id-167814-_JM
550000,55,2,1,1,https://portalinmobiliario.com/MLC-1938466297-se-arrienda-hermoso-depto-frente-a-la-playa-_JM
450000,56,3,1,0,https://portalinmobiliario.com/MLC-1938489579-departamento-en-arriendo-de-3-dorm-en-la-serena-_JM
750000,77,2,2,0,https://portalinmobiliario.com/MLC-1938489845-hermoso-departamento-en-jardin-del-mar-_JM
500000,65,3,2,0,https://portalinmobiliario.com/MLC-1938492121-se-arrienda-depto-ano-corrido-la-serena-_JM
500000,40,1,1,1,https://portalinmobiliario.com/MLC-1938493855-se-arrienda-ano-corrido-1-dorm-1-bano-full-amoblado-_JM
600000,55,3,1,1,https://portalinmobiliario.com/MLC-1939488941-arriendo-departamento-3d1b-sector-el-milagro-la-serena-_JM
580000,68,2,2,0,https://portalinmobiliario.com/MLC-1939488949-arriendo-departamento-excelente-ubicacion-160532-_JM
550000,50,2,1,1,https://portalinmobiliario.com/MLC-1939490189-departamento-finamente-amoblado-con-hermosa-vista-2d-2b-1e-_JM
1200000,97,3,2,0,https://portalinmobiliario.com/MLC-1939490885-oportunidad-unica-para-empresas-_JM
500000,46,2,2,1,https://portalinmobiliario.com/MLC-1939492063-arriendo-departamento-sector-la-herradura-coquimbo-_JM
400000,61,3,1,0,https://portalinmobiliario.com/MLC-1939492645-arriendo-dpto-con-gc-incluido-154629-_JM
500000,51,2,1,0,https://portalinmobiliario.com/MLC-1939493253-departamento-amoblado-en-arriendo-la-serena-500000-_JM
520000,48,2,1,0,https://portalinmobiliario.com/MLC-1939500555-cond-distrito-verde-a-pasos-de-u-central-160361-_JM
600000,71,3,2,1,https://portalinmobiliario.com/MLC-1939516103-dpto-ano-corrido-3d-2b-alto-hacienda-ggcc-incluido-_JM
1200000,85,3,2,0,https://portalinmobiliario.com/MLC-1939517797-arriendo-departamento-amoblado-serena-golf-_JM
550000,57,3,1,0,https://portalinmobiliario.com/MLC-1939518459-conectividad-y-estilo-en-un-solo-lugar-148519-_JM
500000,51,2,1,0,https://portalinmobiliario.com/MLC-1939519035-arriendo-departamento-amoblado-la-serena-500000-_JM
580000,58,2,2,0,https://portalinmobiliario.com/MLC-1939519959-esplendido-departamento-con-tremenda-ubicacion-en-la-serena-_JM
600000,58,2,2,0,https://portalinmobiliario.com/MLC-1939529319-arriendo-dpto-a-pasos-outlet-patio-penuelas-2d-2b-ggcc-inc-_JM
750000,63,2,1,0,https://portalinmobiliario.com/MLC-1939529353-dpto-amoblado-ano-corrido-av-del-mar-2d-1b-ggcc-inc-_JM
580000,64,2,2,1,https://portalinmobiliario.com/MLC-1939531627-departamento-en-arriendo-a-pasos-de-avenida-del-mar-_JM
650000,64,2,2,1,https://portalinmobiliario.com/MLC-1940108013-dpto-amoblado-en-arriendo-ano-corrido-o-hasta-dici-_JM
1450000,133,3,2,1,https://portalinmobiliario.com/MLC-1940134045-edificio-av-los-pescadores-1-est-1-bod-vista-oriente-p-_JM
450000,57,3,2,1,https://portalinmobiliario.com/MLC-1940263359-amoblado-buena-iluminacion-piscina-vistas-_JM
650000,70,2,2,0,https://portalinmobiliario.com/MLC-1940286851-depto-en-arriendo-2-dorm-2-banos-marzo-dic-en-la-serena-_JM
600000,73,2,2,0,https://portalinmobiliario.com/MLC-1940293917-departamento-2h-2b-en-arriendo-en-cerro-grande-la-serena-_JM
500000,63,3,2,1,https://portalinmobiliario.com/MLC-1940311831-condominio-san-bartolome-depto-con-hermosa-vista-_JM
490000,38,1,1,0,https://portalinmobiliario.com/MLC-1940312909-ano-corrido-arriendo-en-el-milagro-la-serena-154900-_JM
650000,84,2,2,0,https://portalinmobiliario.com/MLC-1940313583-depto-frente-al-mar-con-alta-rentabilidad-132152-_JM
650000,71,2,2,0,https://portalinmobiliario.com/MLC-1940313887-que-mejor-que-descansar-mirando-al-mar-98677-_JM
650000,62,2,2,1,https://portalinmobiliario.com/MLC-1941260991-arriendo-departamento-en-avenida-costanera-_JM
700000,55,2,2,0,https://portalinmobiliario.com/MLC-1941289863-departamento-amoblado-en-laguna-del-mar-la-serena-_JM
380000,56,3,1,1,https://portalinmobiliario.com/MLC-1941299367-excelente-oportunidad-de-arriendo-en-la-serena-3d1b-estac-_JM
550000,78,2,2,1,https://portalinmobiliario.com/MLC-1942661355-conectividad-y-diseno-en-un-solo-lugar-160792-_JM
650000,69,3,2,1,https://portalinmobiliario.com/MLC-1942663543-departamento-en-arriendo-de-3-dorm-penuelas-_JM
500000,65,3,2,1,https://portalinmobiliario.com/MLC-1942664825-departamento-con-vista-panoramica-en-coquimbo-_JM
800000,68,2,2,0,https://portalinmobiliario.com/MLC-1942665287-arriendo-departamento-primera-linea-avenida-del-mar-coquimbo-_JM
300000,48,3,1,1,https://portalinmobiliario.com/MLC-1942686377-departamento-amoblado-en-cuatro-esquinas-_JM
560000,53,2,2,0,https://portalinmobiliario.com/MLC-1942691393-departamento-amoblado-ano-corrido-puertas-del-mar-_JM
450000,45,2,1,1,https://portalinmobiliario.com/MLC-1942695843-arriendo-luminoso-depto-2-dorm-1-bano-sector-enjoy-coquimbo-_JM
400000,48,3,1,1,https://portalinmobiliario.com/MLC-1943852729-departamento-en-primer-piso-3d1b-orientacion-n-en-la-serena-_JM
780000,93,3,2,1,https://portalinmobiliario.com/MLC-1943866505-arriendo-hermoso-departamento-amoblado-_JM
400000,48,3,1,1,https://portalinmobiliario.com/MLC-1943891385-departamento-en-primer-piso-condominio-las-palmas-la-serena-_JM
680000,85,2,2,1,https://portalinmobiliario.com/MLC-1944114919-arriendo-departamento-nuevo-sector-san-joaquin-la-serena-_JM
750000,82,2,2,1,https://portalinmobiliario.com/MLC-1944124971-excelente-departamento-condominio-laguna-del-mar--_JM
470000,48,2,1,1,https://portalinmobiliario.com/MLC-1944140443-edificio-av-los-pescadores-1-est-vista-surponiente-piso-_JM
500000,65,2,2,0,https://portalinmobiliario.com/MLC-1945091433-arriendo-departamento-amoblado-hasta-diciembre-_JM
450000,65,3,1,1,https://portalinmobiliario.com/MLC-1945091509-se-arrienda-depto-nuevo-en-coquimbo-_JM
480000,75,2,2,1,https://portalinmobiliario.com/MLC-1945092425-arriendo-departamento-2d2b-excelente-ubicacion-_JM
700000,55,2,2,1,https://portalinmobiliario.com/MLC-1945092867-la-herradura-arriendo-depto-2d2b-con-estacionamiento-_JM
490000,50,2,2,0,https://portalinmobiliario.com/MLC-1945095969-departamento-en-arriendo-de-2-dormitorios-y-en-la-serena-_JM
490000,54,3,1,1,https://portalinmobiliario.com/MLC-1945096591-ano-corrido-penuelas-_JM
600000,71,2,2,1,https://portalinmobiliario.com/MLC-1945105619-departamento-nuevo-barrio-universitario-legacy-propiedades-_JM
750000,66,2,2,1,https://portalinmobiliario.com/MLC-1945109159-exclusivo-aqua-avenida-del-mar-legacy-propiedades-_JM
350000,38,1,1,0,https://portalinmobiliario.com/MLC-1945110001-edificio-baquedano-vista-nororiente-piso-9-_JM
450000,60,2,2,1,https://portalinmobiliario.com/MLC-1945110151-departamento-amoblado-distrito-brillador-la-serena--_JM
600000,60,2,2,1,https://portalinmobiliario.com/MLC-1945110735-neo-spazio-detras-de-patio-outlet-penuelas-_JM
500000,50,2,1,1,https://portalinmobiliario.com/MLC-1945110813-hasta-diciembre-nuevo-cercano-a-av-del-mar-y-universidades-_JM
370000,30,1,1,0,https://portalinmobiliario.com/MLC-1945117935-arriendo-departamento-amoblado-en-la-serena-_JM
700000,66,2,2,1,https://portalinmobiliario.com/MLC-1945122081-ano-corrido-exclusivo-aqua-av-del-mar-_JM
500000,50,2,1,1,https://portalinmobiliario.com/MLC-1945122481-ano-corrido-primera-linea-la-herradura-_JM
780000,88,3,2,1,https://portalinmobiliario.com/MLC-1945122523-ano-corrido-avenida-pacifico-_JM
480000,44,2,1,1,https://portalinmobiliario.com/MLC-1945123191-edificio-avenida-varela-1-est-1-bod-piso-13-_JM
450000,45,2,1,1,https://portalinmobiliario.com/MLC-1945123195-edificio-avenida-varela-1-bod-vista-oriente-piso-14-_JM
850000,70,2,2,0,https://portalinmobiliario.com/MLC-1945131545-arriendo-departamento-amoblado-serena-golf-la-serena-_JM
500000,56,3,1,0,https://portalinmobiliario.com/MLC-1945132315-se-arrienda-depto-amoblado-en-av-pacifico-161530-_JM
350000,56,2,2,1,https://portalinmobiliario.com/MLC-1945132417-gran-oportunidad-de-arriendo-en-la-serena-2d2b-_JM
470000,54,3,1,1,https://portalinmobiliario.com/MLC-1945135397-ano-corrido-a-una-cuadra-de-la-av-del-mar-penuelas-_JM
650000,79,2,2,1,https://portalinmobiliario.com/MLC-1945135873-edificio-av-pacifico-1-est-vista-surponiente-piso-9-_JM
590000,67,2,1,1,https://portalinmobiliario.com/MLC-1945424503-arriendo-departamento-jardin-del-mar-coquimbo-diciembre-_JM
650000,63,2,1,1,https://portalinmobiliario.com/MLC-1945424773-departamento-vista-al-mar-161225-_JM
530000,46,2,1,0,https://portalinmobiliario.com/MLC-1945425779-condominio-marina-oceano-arriendo-ano-corrido-_JM
480000,60,3,2,1,https://portalinmobiliario.com/MLC-1945427885-sector-la-florida-cercano-a-supermercados-y-aeropuerto-_JM
580000,52,2,2,1,https://portalinmobiliario.com/MLC-1945431991-departamento-amoblado-a-pasos-de-la-playa-en-la-serena-_JM
550000,50,2,2,1,https://portalinmobiliario.com/MLC-1945437635-departamento-en-arriendo-en-sector-avenida-del-mar-_JM
550000,65,2,2,0,https://portalinmobiliario.com/MLC-1945437655-arriendo-diario-laguna-del-mar-2-dorm-2-banos-la-serena-_JM
750000,94,3,2,1,https://portalinmobiliario.com/MLC-1945438847-arriendo-departamento-coquimbo-la-herradura-pie-de-playa-_JM
510000,55,2,2,1,https://portalinmobiliario.com/MLC-1945438991-venta-depto-903-la-herradura-vista-frontal-bahia-_JM
450000,56,2,1,1,https://portalinmobiliario.com/MLC-1945441585-arriendo-departamento-remodelado-y-amoblado-la-serena-_JM
480000,52,2,2,1,https://portalinmobiliario.com/MLC-1945443647-acogedor-y-comodo-departamento-ano-corrido-la-serena-_JM
550000,57,2,2,1,https://portalinmobiliario.com/MLC-1945464413-arriendo-departamento-2hab-2ba-coquimbo-_JM
500000,52,2,2,0,https://portalinmobiliario.com/MLC-1945464505-arriendo-departamento-en-puertas-del-mar-_JM
500000,55,3,1,1,https://portalinmobiliario.com/MLC-1945465029-departamento-detras-enjoy-ano-corrido-_JM
560000,67,2,2,1,https://portalinmobiliario.com/MLC-1945477027-departamento-2d2b-sector-el-milagro-la-serena-_JM
600000,60,3,1,1,https://portalinmobiliario.com/MLC-1945477745-arriendo-departamento-amoblado-3-habitaciones-_JM
750000,70,2,2,0,https://portalinmobiliario.com/MLC-1945477943-departamento-2-d-2-b-laguna-del-mar-_JM
440000,67,3,2,1,https://portalinmobiliario.com/MLC-1945481303-amplio-y-comodo-departamento-a-pasos-de-av-el-mar-y-enjoy-_JM
400000,45,3,1,1,https://portalinmobiliario.com/MLC-1946207025-depto-amoblado-4-esquinas-con-av-pacifico-_JM
400000,16,1,1,0,https://portalinmobiliario.com/MLC-2986725284-arriendo-en-apart-hotel-sin-garantia-74396-_JM
400000,31,2,1,0,https://portalinmobiliario.com/MLC-3531173880-arriendo-dpto-hasta-diciembre-pasos-del-faro-74394-_JM
470000,60,3,2,0,https://portalinmobiliario.com/MLC-3729963862-arriendo-departamento-3-dormitorios-la-florida-la-serena-_JM
400000,46,1,1,1,https://portalinmobiliario.com/MLC-3733853198-arriendo-departamento-mirador-del-cerro-grande-la-serena-_JM
600000,65,3,2,0,https://portalinmobiliario.com/MLC-3737541794-se-arrienda-departamento-en-barrio-universitario-_JM
550000,67,3,2,0,https://portalinmobiliario.com/MLC-3737962634-arriendo-departamento-amoblado-a-pasos-del-centro-la-serena-_JM
500000,48,2,1,0,https://portalinmobiliario.com/MLC-3743555886-departamento-amoblado-en-condominio-puertas-del-mar-_JM
700000,76,3,1,1,https://portalinmobiliario.com/MLC-3750478152-arriendo-ano-corrido-amoblado-cercano-a-universidad-del-alba-_JM
570000,57,2,2,1,https://portalinmobiliario.com/MLC-3767482104-departamento-en-arriendo-en-avenida-del-mar-_JM
520000,65,2,2,0,https://portalinmobiliario.com/MLC-3769013346-arriendo-ano-corrido-condominio-pacifico-_JM
550000,51,2,1,1,https://portalinmobiliario.com/MLC-3771696924-departamento-calle-28-id-158700-_JM
420000,57,3,1,0,https://portalinmobiliario.com/MLC-3772169372-arriendo-departamento-3hab-1ba-la-serena-_JM
500000,65,3,2,1,https://portalinmobiliario.com/MLC-3772292590-departamento-en-arriendo-puertas-del-mar-la-serena-_JM
550000,65,2,2,0,https://portalinmobiliario.com/MLC-3773106354-arriendo-marzo-a-diciembre-2026-terrazas-del-sol-3-la-serena-_JM
520000,69,2,2,0,https://portalinmobiliario.com/MLC-3773305884-depto-en-arriendo-2-dorm2-banos-avda-pacifico-la-serena-_JM
480000,68,3,1,1,https://portalinmobiliario.com/MLC-3773595220-departamento-sin-amoblar-en-condominio-alto-hacienda-_JM
900000,109,3,2,1,https://portalinmobiliario.com/MLC-3774653620-laguna-del-mar-la-serena-_JM
550000,55,2,1,0,https://portalinmobiliario.com/MLC-3775987130-arrinedo-departemento-la-serena-marzo-diciembre-_JM
500000,61,2,2,1,https://portalinmobiliario.com/MLC-3776671142-departamento-en-arriendo-de-2-dorm-en-coquimbo-_JM
480000,40,1,1,1,https://portalinmobiliario.com/MLC-3776760204-precioso-depto-condominio-costa-horizonte-la-serena-_JM
650000,66,2,2,0,https://portalinmobiliario.com/MLC-3777290958-depto-amoblado-a-media-cuadra-de-playa-_JM
900000,91,3,2,0,https://portalinmobiliario.com/MLC-3778218514-depto-amoblado-en-condominio-laguna-del-mar-_JM
550000,67,3,2,0,https://portalinmobiliario.com/MLC-3778307284-depto-sin-amoblar-en-sector-residencial-san-joaquin-_JM
490000,40,1,1,1,https://portalinmobiliario.com/MLC-3779162508-arriendo-departamento-en-edificio-boulevard-san-jo-_JM
500000,70,3,2,1,https://portalinmobiliario.com/MLC-3779339220-arriendo-ano-corrido-acogedor-depto-puertas-del-mar-_JM
880000,87,3,2,0,https://portalinmobiliario.com/MLC-3779556022-amoblado-increible-vista-condominio-lagunas-del-mar-_JM
400000,55,3,1,1,https://portalinmobiliario.com/MLC-3779660830-3d1b-estacionamiento-bodega-y-gasto-comun-incluido-_JM
600000,66,3,2,1,https://portalinmobiliario.com/MLC-3784490280-lindo-departamento-en-arriendo-amoblado-_JM
840000,85,3,2,1,https://portalinmobiliario.com/MLC-3784729238-departamento-frente-al-mar-en-serena-golf-_JM
550000,58,2,2,0,https://portalinmobiliario.com/MLC-3786220910-arriendo-departamento-2hab-2ba-la-serena-_JM
600000,55,2,1,0,https://portalinmobiliario.com/MLC-3786408664-arriendo-departamento-en-avenida-del-mar-_JM
650000,75,2,2,1,https://portalinmobiliario.com/MLC-3786559848-departamento-en-arriendo-de-2-dorm-en-la-serena-_JM
420000,60,3,1,1,https://portalinmobiliario.com/MLC-3787051512-departamento-en-venta-o-arriendo-en-el-sauce-en-coquimbo-_JM
230000,36,1,1,1,https://portalinmobiliario.com/MLC-3789090382-departamento-independiente-de-1-dorm-en-la-serena-_JM
700000,90,3,2,0,https://portalinmobiliario.com/MLC-3789121362-se-arrienda-frente-al-mar-3d-2b-sin-muebles-ano-corrido-_JM
390000,46,1,1,0,https://portalinmobiliario.com/MLC-3789885674-arriendo-departamento-ano-corrido-milagro-12706-_JM
370000,36,1,1,1,https://portalinmobiliario.com/MLC-3789963262-arriendo-ano-corrido-frente-hospital-coquimbo-1d-1b-_JM
1100000,110,3,2,1,https://portalinmobiliario.com/MLC-3790004416-maravilloso-dpto-ano-corrido-la-serena-_JM
700000,101,3,2,1,https://portalinmobiliario.com/MLC-3790386776-arriendo-departamento-la-serena-avenida-del-mar-primer-linea-_JM
580000,54,2,2,1,https://portalinmobiliario.com/MLC-3790530908-departamento-condominio-pacifico-amoblado-2d-2b--_JM
500000,52,2,2,1,https://portalinmobiliario.com/MLC-3790581378-luminoso-depto-amoblado-ano-2d2b1e-garantia-en-2-cuotas-_JM
490000,67,3,1,1,https://portalinmobiliario.com/MLC-3790685388-departamento-avenida-rene-schneider-id-168423-_JM
490000,51,2,2,1,https://portalinmobiliario.com/MLC-3790746776-arriendo-departamento-nuevo-sin-muebles-en-la-serena-costa-_JM
500000,68,2,2,1,https://portalinmobiliario.com/MLC-3791340688-departamento-en-arriendo-de-2d2b-en-el-milagro-la-serena-_JM
530000,60,2,1,1,https://portalinmobiliario.com/MLC-3791564238-acogedor-departamento-con-acceso-directo-a-playa-_JM
650000,65,2,2,0,https://portalinmobiliario.com/MLC-3791568862-arriendo-departamento-de-2-dorm-avda-pacifico-la-serena-_JM
480000,50,3,1,1,https://portalinmobiliario.com/MLC-3793108670-arriendo-marzo-a-diciembre-departamento-_JM
700000,66,2,2,1,https://portalinmobiliario.com/MLC-3793689078-arriendo-departamento-en-avda-costanera-_JM
560000,49,2,2,1,https://portalinmobiliario.com/MLC-3794456518-departamento-ano-corrido-amoblado-en-costa-marina-_JM
450000,86,2,2,1,https://portalinmobiliario.com/MLC-3794456538-depto-amoblado-frente-al-mar-con-2d2b-terraza-2estac-_JM
450000,68,3,1,0,https://portalinmobiliario.com/MLC-3794461776-comodo-departamento-primer-piso-en-el-llano-_JM
520000,68,3,2,0,https://portalinmobiliario.com/MLC-3794816396-acogedor-departamento-en-brisas-de-san-joaquin-_JM
620000,60,3,2,1,https://portalinmobiliario.com/MLC-3795911544-comodo-departamento-con-linda-vista-en-pleno-san-j-_JM
340000,37,1,1,1,https://portalinmobiliario.com/MLC-3797691284-edificio-rengifo-vista-norte-piso-3-_JM
360000,42,2,1,1,https://portalinmobiliario.com/MLC-3797780742-edificio-rengifo-vista-norte-piso-4-_JM
480000,45,1,1,0,https://portalinmobiliario.com/MLC-3797906672-depto-1-dorm-en-arriendo-en-la-serena-mensual-laguna-del-mar-_JM
530000,59,2,1,1,https://portalinmobiliario.com/MLC-3797934304-arriendo-departamento-la-herradura-en-coquimbo-_JM
1000000,110,4,3,1,https://portalinmobiliario.com/MLC-3797963752-departamento-en-arriendo-en-laguna-del-mar-_JM
550000,45,2,1,0,https://portalinmobiliario.com/MLC-3798010704-comodo-departmento-en-la-serena-gastos-comunes-incluidos-_JM
530000,56,2,2,0,https://portalinmobiliario.com/MLC-3798549658-arriendo-hermoso-departamento-la-serena-_JM
480000,34,1,1,0,https://portalinmobiliario.com/MLC-3798627556-departamento-en-arriendo-av-del-mar-_JM
410000,56,3,1,0,https://portalinmobiliario.com/MLC-3798678364-departamento-en-arriendo-mistral-v-la-serena-_JM
530000,60,3,2,0,https://portalinmobiliario.com/MLC-3798840632-dpto-como-nuevo-3d2bestacionamiento-amoblado-_JM
500000,47,3,2,0,https://portalinmobiliario.com/MLC-3798867458-arriendo-departamento-3d2b-puertas-del-mar-la-serena-_JM
490000,52,2,1,1,https://portalinmobiliario.com/MLC-3798873608-arriendo-ano-corrido-depto-amoblado-en-sector-san-joaquin-_JM
700000,70,2,2,1,https://portalinmobiliario.com/MLC-3798981470-oportunidad-ano-corrido-aqua-resort-frontal-la-serena-_JM
800000,90,3,2,0,https://portalinmobiliario.com/MLC-3799076354-arriendo-departamento-san-joaquin-la-serena-_JM
400000,50,2,1,1,https://portalinmobiliario.com/MLC-3800731442-oferta-arriendo-dpto-amoblado-2d-cerca-playa-la-serena-_JM
1300000,120,4,2,0,https://portalinmobiliario.com/MLC-3800789548-amplio-departamento-amoblado-en-av-del-mar-_JM
800000,120,3,3,1,https://portalinmobiliario.com/MLC-3802942182-arriendo-ano-corrido-exclusivo-departamento-duplex-_JM
900000,100,3,2,0,https://portalinmobiliario.com/MLC-3803011254-departamento-en-arriendo-en-laguna-del-mar-_JM
750000,74,3,2,1,https://portalinmobiliario.com/MLC-3803432882-nuevo-amoblado-ano-corrido-sector-casino-enjoy-_JM
600000,49,2,1,1,https://portalinmobiliario.com/MLC-3803937854-vive-a-pasos-del-faro-arriendo-depto-2d1b-en-co-_JM
300000,110,3,3,1,https://portalinmobiliario.com/MLC-3803995110-arriendo-departamento-3-dorm-3-banos-puerto-velero-_JM
750000,69,3,2,1,https://portalinmobiliario.com/MLC-3804001240-arriendo-departamento-amoblado-sector-enjoy-coquimbo-_JM
550000,56,3,1,0,https://portalinmobiliario.com/MLC-3804131952-departamento-sector-residencial-la-serena-_JM
490000,60,3,2,1,https://portalinmobiliario.com/MLC-3804176134-departamento-avenida-los-pescadores-id-164236-_JM
850000,88,3,2,0,https://portalinmobiliario.com/MLC-3805259074-depto-en-arriendo-de-3-dorm-marzo-dic-en-la-serena-_JM
1100000,88,2,2,0,https://portalinmobiliario.com/MLC-3805311590-departamento-en-condominio-vista-san-joaquin-_JM
600000,59,3,2,1,https://portalinmobiliario.com/MLC-3806895564-departamento-en-arriendo-de-3-dorm-en-coquimbo-_JM
480000,59,3,2,0,https://portalinmobiliario.com/MLC-3806944604-se-arrienda-departamento-amoblado-la-florida-_JM
520000,45,1,1,0,https://portalinmobiliario.com/MLC-3807082202-se-arrienda-ano-corrido-1-dorm-1-bano-semi-amoblado-_JM
600000,55,2,1,1,https://portalinmobiliario.com/MLC-3807140088-se-arrienda-dpto-ano-corrido-amoblado-a-pasos-de-l-_JM
580000,70,3,2,0,https://portalinmobiliario.com/MLC-3807414558-departamento-barrio-universitario-la-serena-_JM
460000,50,2,1,0,https://portalinmobiliario.com/MLC-3807447258-se-arrienda-dpto-amoblado-ano-corrido-valor-con-gc-2d1b1e-_JM
500000,54,2,1,1,https://portalinmobiliario.com/MLC-3807478442-departamento-en-arriendo-de-2d-1b-la-herradura-_JM
530000,50,1,1,1,https://portalinmobiliario.com/MLC-3807505894-arriendo-departamento-nuevo-amoblado-en-sector-privilegiado-_JM
750000,92,3,2,0,https://portalinmobiliario.com/MLC-3807589792-depto-ariendo-abrildiciembre-3-dorm-2-banos-laguna-del-mar-_JM
500000,55,2,2,0,https://portalinmobiliario.com/MLC-3807601636-se-arrienda-ano-corrido-2d-2b-puertas-del-mar-_JM
650000,70,3,2,0,https://portalinmobiliario.com/MLC-3807653642-se-arrienda-ano-corrido-3d-2b-sin-muebles-ggcc-incluidos-_JM
650000,52,2,1,1,https://portalinmobiliario.com/MLC-3808535424-departamento-en-arriendo-ano-corrido-en-primera-li-_JM
600000,72,2,2,1,https://portalinmobiliario.com/MLC-3808857138-mar-serena-arriendo-marzo-diciembre-la-serena-_JM
650000,70,2,2,1,https://portalinmobiliario.com/MLC-3808869798-aqua-resort-arriendo-marzo-diciembre-_JM
400000,50,1,1,1,https://portalinmobiliario.com/MLC-3809474576-se-arrienda-hasta-diciembre-2026-full-equipado-1d-1b-coquimb-_JM
370000,30,1,1,1,https://portalinmobiliario.com/MLC-3810371120-arriendo-departamento-amoblado-en-las-higueras-la-serena-_JM
750000,80,3,2,1,https://portalinmobiliario.com/MLC-3810621512-moderno-departamento-en-marina-costa-con-preciosa--_JM
280000,48,3,1,1,https://portalinmobiliario.com/MLC-3810731774-arriendo-departamento-ano-corrido-de-3-dormitorios-coquimbo-_JM
610000,61,2,2,1,https://portalinmobiliario.com/MLC-3810748030-departamento-en-arriendo-detras-del-casino-en-gran-_JM
680000,60,2,1,0,https://portalinmobiliario.com/MLC-3810919752-depto-amoblado-laguna-del-mar-_JM
400000,52,2,2,1,https://portalinmobiliario.com/MLC-3811039030-arriendo-departamento-condominio-sendero-santaclara-coquimbo-_JM
700000,72,2,2,1,https://portalinmobiliario.com/MLC-3812714802-departamento-en-el-exclusivo-aqua-resort-_JM
450000,47,2,1,1,https://portalinmobiliario.com/MLC-3813047408-departamento-en-arriendo-de-2-dorm-en-coquimbo-_JM
700000,55,2,1,1,https://portalinmobiliario.com/MLC-3815065226-se-arrienda-hermoso-departamento-_JM
650000,51,2,2,1,https://portalinmobiliario.com/MLC-3815126560-se-arrienda-hermoso-departamento-en-penuelas-_JM
500000,47,2,2,0,https://portalinmobiliario.com/MLC-3815672328-departamento-en-arriendo-marzo-a-diciembre-en-la-serena-_JM
460000,35,1,1,1,https://portalinmobiliario.com/MLC-3815715534-departamento-a-estrenar-arriendo-ano-corrido-_JM
750000,81,3,2,1,https://portalinmobiliario.com/MLC-3815752778-oportunidad-arriendo-departamento-av-del-mar-ano-corrido-_JM
1000000,142,3,2,1,https://portalinmobiliario.com/MLC-3815767842-edificio-av-juan-cisternas-1-est-1-bod-vista-norponien-_JM
550000,60,3,1,0,https://portalinmobiliario.com/MLC-3815880670-se-arrienda-ano-corrido-3-dorm-1-bano-ggcc-incluidos-amoblad-_JM
490000,41,1,1,1,https://portalinmobiliario.com/MLC-3816083202-departamento-nuevo-en-arriendo-en-el-milagro-_JM
650000,87,3,2,0,https://portalinmobiliario.com/MLC-3816494598-dpto-amoblado-3d2b-1e1b-canto-del-agua-av-pacifico-_JM
650000,75,2,2,0,https://portalinmobiliario.com/MLC-3816499162-arriendo-departamento-2-dormitorios-san-joaquin-la-serena-_JM
750000,90,2,2,0,https://portalinmobiliario.com/MLC-3818594878-arriedo-depto-top-2d2b-ed-vista-terraza-panoramica-_JM
415000,44,3,2,1,https://portalinmobiliario.com/MLC-3819808012-departamento-amoblado-3d1b1e-en-coquimbo-gran-ubicacion-_JM
790000,64,2,2,1,https://portalinmobiliario.com/MLC-3819922382-se-arrienda-departamento-en-edificio-miraolas-_JM
500000,50,3,1,0,https://portalinmobiliario.com/MLC-3820333662-se-arrienda-departamento-en-edificio-lotario-la-serena-_JM
450000,59,3,1,0,https://portalinmobiliario.com/MLC-3820581530-departamento-de-3-dorm-la-florida-en-la-serena-_JM
900000,65,2,2,1,https://portalinmobiliario.com/MLC-3820667092-excelente-departamento-en-boulevard-san-joaquin--_JM
480000,60,2,1,1,https://portalinmobiliario.com/MLC-3820929936-arriendo-depto-ano-corrido-av-pacificola-serena-_JM
580000,59,3,1,0,https://portalinmobiliario.com/MLC-3822015562-departamento-ubicado-en-sector-residencial-puertas-del-mar-_JM
600000,54,2,2,0,https://portalinmobiliario.com/MLC-3823449058-condominio-alto-serena-v-sector-puertas-del-mar-_JM
570000,56,3,1,1,https://portalinmobiliario.com/MLC-3824087566-arriendo-departamento-nova-alto-hacienda-coquimbo-_JM
550000,55,3,1,0,https://portalinmobiliario.com/MLC-3824360978-ano-corrido-amoblado-estacionamiento-techado-gc-incluidos-_JM
500000,58,3,1,0,https://portalinmobiliario.com/MLC-3824369654-arriendo-dpto-la-serena-155850-_JM
700000,70,2,2,1,https://portalinmobiliario.com/MLC-3824540614-jardin-del-mar-marzo-a-diciembre-2026-_JM
530000,57,2,1,0,https://portalinmobiliario.com/MLC-3824636682-depto-amoblado-piso-8-condominio-pacific-blue-la-serena-_JM
450000,40,2,1,1,https://portalinmobiliario.com/MLC-3824898894-departamento-amoblado-2d-1b-1e-cond-marina-sol-penuelas-coq-_JM
490000,52,2,2,1,https://portalinmobiliario.com/MLC-3824933004-hermoso-departamento-con-vistas-al-jardin-en-la-serena-_JM
500000,60,2,2,1,https://portalinmobiliario.com/MLC-3825323442-departamento-en-condominio-valle-de-penuelas-_JM
600000,66,2,2,1,https://portalinmobiliario.com/MLC-3825362760-departamento-en-arriendo-2-dormitorios-y-2-banos-coquimbo-_JM
580000,73,3,2,1,https://portalinmobiliario.com/MLC-3825639370-hermso-depto-marzo-a-diciembre-la-herradura-144247-_JM
1000000,89,2,2,1,https://portalinmobiliario.com/MLC-3825683462-increible-departamento-en-arriendo-en-gabriela-mis-_JM
420000,44,2,1,1,https://portalinmobiliario.com/MLC-3826624998-departamento-en-arriendo-en-coquimbo-comision-costo-0-_JM
480000,63,2,1,1,https://portalinmobiliario.com/MLC-3827857074-arriendo-hermoso-departamento-de-abril-a-diciembre-_JM
400000,70,3,2,1,https://portalinmobiliario.com/MLC-3827955762-edificio-av-pacifico-1-est-vista-poniente-piso-1-_JM
850000,99,3,2,1,https://portalinmobiliario.com/MLC-3828073808-departamento-con-vista-al-mar-en-primer-piso-con-_JM
550000,86,3,2,1,https://portalinmobiliario.com/MLC-3828410740-se-arrienda-departamento-3d-2b-est-_JM
495000,70,2,1,0,https://portalinmobiliario.com/MLC-3828992054-depto-2d-amoblado-ultimo-piso-vista-mar-149575-_JM
500000,86,3,2,1,https://portalinmobiliario.com/MLC-3833554644-excelente-departamento-buen-sector-_JM
500000,67,2,1,1,https://portalinmobiliario.com/MLC-3834762144-hasta-dic-jardin-del-mar-directo-duenos-gc-incluidos-_JM
720000,150,2,2,0,https://portalinmobiliario.com/MLC-3835302362-departamento-en-arriendo-de-2-dorm-en-la-serena-_JM
600000,59,3,2,1,https://portalinmobiliario.com/MLC-3835302476-departamento-en-arriendo-de-3-dorm-en-coquimbo-_JM
500000,54,2,1,0,https://portalinmobiliario.com/MLC-3835394778-depto-amplio-y-luminoso-excelente-ubicacion-150004-_JM
500000,116,2,1,0,https://portalinmobiliario.com/MLC-3835494208-arriendo-dpto-av-pacifico-la-serena-149970-_JM
380000,52,3,1,1,https://portalinmobiliario.com/MLC-3835519260-depto-en-arriendo-en-dona-marina-coquimbo-150001-_JM
650000,61,2,1,0,https://portalinmobiliario.com/MLC-3835529492-arriendo-a-partir-del-01032026-comodo-departamen-_JM
1000000,130,3,2,1,https://portalinmobiliario.com/MLC-3835862952-3d-2b-2e-130-mts2-totales-costa-mansa-coquimbo-_JM
500000,62,3,2,1,https://portalinmobiliario.com/MLC-3836185214-arriendo-departamento-mirador-bahia-el-sauce-coquimbo-_JM
470000,47,2,2,1,https://portalinmobiliario.com/MLC-3836829164-se-arrienda-depto-amoblado-cerca-del-faro-en-la-serena-_JM
500000,66,3,2,0,https://portalinmobiliario.com/MLC-3838228982-sector-puertas-del-mar-hasta-diciembre-depto-156370-_JM
470000,54,2,2,0,https://portalinmobiliario.com/MLC-3838338696-departamento-en-arriendo-en-la-serena-marzo-diciembre-2026-_JM
450000,55,2,2,0,https://portalinmobiliario.com/MLC-3838421868-departamento-en-arriendo-en-la-serena-marzo-diciembre-2025-_JM
635000,55,2,1,0,https://portalinmobiliario.com/MLC-3838541634-arriendo-hasta-diciembre-avdel-mar-la-serena-150092-_JM
420000,36,1,1,1,https://portalinmobiliario.com/MLC-3838878812-departamento-dos-ambientes-en-arriendo-127988-_JM
320000,35,1,1,1,https://portalinmobiliario.com/MLC-3841053080-depto-bien-iluminado-con-azotea-panoramica-y-cerca-de-todo-_JM
550000,67,3,2,1,https://portalinmobiliario.com/MLC-3841482186-arriendo-de-abril-a-diciembre-3-d-2b-1-es-gc-incluidos-_JM
400000,54,2,1,1,https://portalinmobiliario.com/MLC-3841513176-excelente-departamento-condominio-los-maitenes-_JM
430000,62,2,2,1,https://portalinmobiliario.com/MLC-3841776406-departamento-en-arriendo-en-coquimbo-_JM
400000,45,1,1,1,https://portalinmobiliario.com/MLC-3841795636-arriendo-ano-corrido-1d-1b-1-estacionamiento-av-videla-875-_JM
420000,46,3,1,0,https://portalinmobiliario.com/MLC-3841959670-arriendo-marzo-a-diciembre-pacifico-cuatro-esquinas-_JM
450000,50,2,1,0,https://portalinmobiliario.com/MLC-3842172318-condominio-firenze-ano-corrido-sin-amoblar-144960-_JM
580000,93,3,2,0,https://portalinmobiliario.com/MLC-3842190336-arriendo-marzo-diciembre-avenida-del-mar-150418-_JM
790000,90,3,2,0,https://portalinmobiliario.com/MLC-3842664110-departamento-en-arriendo-en-san-joaquin-la-serena-_JM
800000,68,2,2,0,https://portalinmobiliario.com/MLC-3842714584-arriendo-departamento-amoblado-club-oceano-_JM
550000,68,3,1,0,https://portalinmobiliario.com/MLC-3842890798-arriendo-ano-corrido-c-capri-puertas-del-mar-156533-_JM
620000,55,1,1,1,https://portalinmobiliario.com/MLC-3843046424-duplex-nuevo-amoblado-dueno-directo-_JM
650000,73,2,2,0,https://portalinmobiliario.com/MLC-3843065724-lindo-departamento-amoblado-terrazas-del-sol3-156647-_JM
650000,62,1,2,0,https://portalinmobiliario.com/MLC-3843177004-departamento-de-1d-1b-cond-marina-horizonte-156644-_JM
360000,64,3,2,0,https://portalinmobiliario.com/MLC-3843200274-departamento-avenida-libertad-id-167367-_JM
470000,45,2,2,0,https://portalinmobiliario.com/MLC-3843201718-arriendo-departamento-amoblado-2-hab-cerca-centro-la-serena-_JM
580000,60,2,2,1,https://portalinmobiliario.com/MLC-3843464108-arriendo-departamento-amoblado-vista-herradura-ii-_JM
800000,80,2,2,0,https://portalinmobiliario.com/MLC-3843652100-se-arrienda-avenida-del-mar-2d-2b-ano-corrido-amplio-_JM
550000,66,1,1,1,https://portalinmobiliario.com/MLC-3843670786-edificio-av-del-mar-1-est-vista-oriente-piso-5-_JM
565000,51,1,1,0,https://portalinmobiliario.com/MLC-3844661036-departamento-emilio-apey-id-166323-_JM
550000,64,2,2,1,https://portalinmobiliario.com/MLC-3844697144-departamento-avenida-costanera-id-166766-_JM
520000,60,3,1,1,https://portalinmobiliario.com/MLC-3846786700-departamento-amoblado-ano-corrido-en-puertas-del-mar-_JM
450000,58,3,1,0,https://portalinmobiliario.com/MLC-3847057464-arriendo-departamento-en-sector-la-florida-la-serena-_JM
700000,104,3,2,1,https://portalinmobiliario.com/MLC-3847673580-se-arrienda-amplio-departamento-3d-2b-_JM
580000,67,3,2,0,https://portalinmobiliario.com/MLC-3847699288-hernoso-depto-a-pasos-de-la-av-del-mar-3h-2b-_JM
600000,75,3,2,0,https://portalinmobiliario.com/MLC-3847723366-departamento-en-arriendo-de-3-dorm-en-la-serena-_JM
700000,76,3,2,1,https://portalinmobiliario.com/MLC-3847770334-dpto-en-arriendo-condomi-jardines-de-san-joaquin-la-serena-_JM
750000,80,3,2,1,https://portalinmobiliario.com/MLC-3847853842-arriendo-departamento-ano-corrido-sector-penuelas-_JM
595000,65,2,2,1,https://portalinmobiliario.com/MLC-3847854794-bello-y-comodo-departamento-frente-al-mar-_JM
400000,56,3,1,1,https://portalinmobiliario.com/MLC-3847908052-excelente-departamento-condominio-paseo-san-carlos--_JM
720000,102,3,2,0,https://portalinmobiliario.com/MLC-3847987496-arriendo-dpto-cerca-de-enjoy-156930-_JM
490000,50,3,1,0,https://portalinmobiliario.com/MLC-3848915146-departamento-tres-habitaciones-en-arriendo-la-serena-_JM
360000,42,1,1,1,https://portalinmobiliario.com/MLC-3848929910-depto-1d-ano-corrido-o-marzodiciembre-150943-_JM
1500000,140,3,3,1,https://portalinmobiliario.com/MLC-3848930144-amplio-y-comodo-departamento-en-segundo-piso-con--_JM
900000,91,2,3,1,https://portalinmobiliario.com/MLC-3848930148-departamento-nuevo-en-arriendo-en-la-serena-_JM
1100000,100,3,2,1,https://portalinmobiliario.com/MLC-3849553332-arriendo-ano-carrido-en-el-exclusivo-aqua-resort-_JM
500000,39,2,1,0,https://portalinmobiliario.com/MLC-3849655456-arriendo-depto-amoblado-2d-1b-barrio-universitario-uls-_JM
400000,45,3,1,1,https://portalinmobiliario.com/MLC-3850759924-departamento-en-arriendo-por-ano-corrido-av-del-mar-laseren-_JM
630000,63,2,2,1,https://portalinmobiliario.com/MLC-3851399580-arriendo-departamento-marzo-diciembre-penuelas-_JM
850000,90,3,2,0,https://portalinmobiliario.com/MLC-3851444670-arriendo-abril-diciembre-club-oceano-coquimbo-_JM
520000,48,2,1,0,https://portalinmobiliario.com/MLC-3851458380-arriendo-abril-diciembre-playa-pacifico-la-serena-_JM
580000,60,2,1,1,https://portalinmobiliario.com/MLC-3851492282-departamento-nuevo-amoblado-en-sector-penuelas-_JM
500000,56,3,1,0,https://portalinmobiliario.com/MLC-3851613540-departamento-en-arriendo-de-3-dorm-en-la-serena-_JM
860000,75,2,2,0,https://portalinmobiliario.com/MLC-3851645434-departamento-en-arriendo-de-2-dorm-en-la-serena-_JM
500000,48,2,2,1,https://portalinmobiliario.com/MLC-3851797174-departamento-calle-ambrosio-ohiggins-id-169005-_JM
490000,55,2,2,1,https://portalinmobiliario.com/MLC-3851917728-lindo-y-funcional-departamento-amoblado-ano-la-serena-_JM
400000,60,2,2,1,https://portalinmobiliario.com/MLC-3851995184-departamento-amoblado-en-noveno-piso-con-estacionamiento-_JM
500000,62,2,1,0,https://portalinmobiliario.com/MLC-3852071200-arriendo-comodo-dpto-en-puertas-del-mar-157208-_JM
850000,100,3,2,1,https://portalinmobiliario.com/MLC-3852101018-arriendo-anual-amoblado-o-sin-muebles-frente-al-mar-_JM
550000,78,2,2,1,https://portalinmobiliario.com/MLC-3852525740-departamento-en-arriendo-de-2-dorm-en-la-serena-_JM
700000,72,3,2,1,https://portalinmobiliario.com/MLC-3854616498-departamento-condominio-marina-costa-arriendo-_JM
400000,40,2,1,0,https://portalinmobiliario.com/MLC-3854761712-arriendo-anual-departamento-2-hab-cerca-centro-de-la-serena-_JM
650000,60,2,2,1,https://portalinmobiliario.com/MLC-3854910456-departamento-ubicado-en-segunda-linea-de-avenida-del-mar-_JM
460000,61,2,1,0,https://portalinmobiliario.com/MLC-3854917140-depto-2d-1b-la-serena-valle-y-plusvalia-156992-_JM
350000,56,3,1,1,https://portalinmobiliario.com/MLC-3854967370-departamento-la-serena-3-dorm-1-bano-1-estacionamiento-_JM
470000,58,2,2,1,https://portalinmobiliario.com/MLC-3855032496-departamento-amoblado-en-arriendo-2d2b-coquimbo-av-el-_JM
1500000,125,3,2,0,https://portalinmobiliario.com/MLC-3855053010-amplio-departamento-en-arriendo-3d2b-eluchans-renaca-_JM
425000,41,1,1,0,https://portalinmobiliario.com/MLC-3855095852-depto-arriendo-amoblado-de-1-dorm-cercano-al-faro-la-srena-_JM
480000,51,2,2,1,https://portalinmobiliario.com/MLC-3855197426-arriendo-departamento-sin-muebles-en-la-serena-_JM
450000,34,1,1,0,https://portalinmobiliario.com/MLC-3855263772-arriendo-departamento-condom-cumbres-del-milagro-la-serena-_JM
650000,86,3,2,1,https://portalinmobiliario.com/MLC-3856778520-se-arrienda-depto-amoblado-es-ano-corrido-en-av-pacifico-_JM
650000,68,2,1,0,https://portalinmobiliario.com/MLC-3856832834-moderno-depto-en-jardin-del-mar-151285-_JM
1350000,126,3,2,0,https://portalinmobiliario.com/MLC-3856868308-arriendo-marzo-a-diciembre-jardin-del-mar-151202-_JM
520000,84,2,2,0,https://portalinmobiliario.com/MLC-3856932386-depto-2d2b-frente-al-mar-marzo-dic-145702-_JM
700000,68,2,2,0,https://portalinmobiliario.com/MLC-3858655684-arriendo-departamento-club-oceano-ano-corrido-_JM
1350000,100,3,2,0,https://portalinmobiliario.com/MLC-3858667382-arriendo-de-departamento-en-avenida-del-mar-_JM
600000,48,2,2,0,https://portalinmobiliario.com/MLC-3858678868-arriendo-condominio-aqua-hasta-diciembre-_JM
490000,44,2,1,0,https://portalinmobiliario.com/MLC-3858691266-arriendo-marzo-a-diciembre-en-avda-los-pescadores-_JM
500000,45,2,1,0,https://portalinmobiliario.com/MLC-3858816446-arriendo-cercano-al-faro-marzo-a-diciembre-_JM
500000,48,2,2,1,https://portalinmobiliario.com/MLC-3859091842-departamento-calle-ambrosio-ohiggins-id-166850-_JM
500000,48,2,1,1,https://portalinmobiliario.com/MLC-3859175506-arriendo-departamento-ano-corrido-avda-el-sauce-_JM
500000,65,3,2,1,https://portalinmobiliario.com/MLC-3859179794-departamento-3d-2b-nuevo-cerca-av-del-mar-_JM
500000,60,2,2,0,https://portalinmobiliario.com/MLC-3859259038-depto-en-arriendo-alto-serena-iii-157624-_JM
750000,51,2,2,0,https://portalinmobiliario.com/MLC-3859339496-arriendo-departamento-anual-amoblado-san-joaquin-la-serena-_JM
560000,75,3,2,1,https://portalinmobiliario.com/MLC-3859378190-oportunidad-rebajado-3d2b1e-la-serena-ano-o-mar-a-dic-_JM
620000,75,3,2,1,https://portalinmobiliario.com/MLC-3859387628-hermoso-depto-amoblado-3d2b1e-ano-garantia-en-2-cuotas-_JM
480000,80,2,2,0,https://portalinmobiliario.com/MLC-3859400926-arrienda-dpto-amueblado-en-la-serena-2d-2b-2e-_JM
980000,140,5,3,1,https://portalinmobiliario.com/MLC-3859431314-arriendo-ano-corrido-en-av-del-mar-_JM
500000,65,3,2,1,https://portalinmobiliario.com/MLC-3859856668-departamento-avenida-rodolfo-wagenknecht-id-169435-_JM
650000,56,2,2,0,https://portalinmobiliario.com/MLC-3860354118-arriendo-dpto-puerta-del-mar-la-serena-157733-_JM
500000,49,2,1,0,https://portalinmobiliario.com/MLC-3860464548-departamento-cerca-del-mar-157701-_JM
700000,73,3,2,1,https://portalinmobiliario.com/MLC-3862833986-departamento-en-arriendo-de-3-dorm-2-banos-en-coquimbo-_JM
800000,67,2,1,0,https://portalinmobiliario.com/MLC-3862870750-oportunidad-de-vivir-en-el-miami-chileno-151766-_JM
650000,59,2,2,0,https://portalinmobiliario.com/MLC-3862920564-cond-islas-del-pacifico-segunda-linea-playa-151756-_JM
900000,94,3,2,0,https://portalinmobiliario.com/MLC-3863001194-arriendo-departamento-ano-corrido-_JM
550000,67,3,2,0,https://portalinmobiliario.com/MLC-3863066560-arriendo-marzo-a-diciembre-av-pacifico-140389-_JM
780000,51,2,1,0,https://portalinmobiliario.com/MLC-3863557032-arriendo-departamento-club-oceano-la-serena-_JM
500000,54,1,1,1,https://portalinmobiliario.com/MLC-3864061784-departamento-equipado-1-dormitorio-1-bano-_JM
450000,60,3,1,1,https://portalinmobiliario.com/MLC-3864069520-arriendo-en-alto-hacienda-157879-_JM
550000,60,2,2,1,https://portalinmobiliario.com/MLC-3864085022-dpto-vista-al-mar-coquimbo-_JM
460000,66,2,2,1,https://portalinmobiliario.com/MLC-3864122542-excelente-ubicacion-arriendo-departamento-157913-_JM
320000,70,2,1,1,https://portalinmobiliario.com/MLC-3864438524-departamento-manuel-jesus-rivera-id-166311-_JM
400000,50,2,1,1,https://portalinmobiliario.com/MLC-3864451456-departamento-maria-angelica-id-167147-_JM
500000,56,2,1,0,https://portalinmobiliario.com/MLC-3865009376-se-arrienda-depto-ano-corrido-av-pescadores-151961-_JM
550000,43,1,1,0,https://portalinmobiliario.com/MLC-3866152726-depto-ejecutivo-en-condominio-laguna-del-mar-_JM
530000,52,2,2,0,https://portalinmobiliario.com/MLC-3866229162-departamento-amoblado-en-puertas-del-mar-_JM
580000,45,2,2,0,https://portalinmobiliario.com/MLC-3866629040-arriendo-departamento-ano-corridomarzo-amoblado-la-se-_JM
530000,74,2,1,0,https://portalinmobiliario.com/MLC-3866819568-arriendo-departamento-ano-corrido-amoblado-158033-_JM
550000,59,3,2,1,https://portalinmobiliario.com/MLC-3867041022-departamento-puertas-del-mar-_JM
450000,32,1,1,1,https://portalinmobiliario.com/MLC-3867141752-edificio-av-pedro-nolasco-videla-vista-norte-piso-10-_JM
750000,75,2,2,1,https://portalinmobiliario.com/MLC-3867310518-avenida-del-mar-la-serena-_JM
450000,44,1,1,0,https://portalinmobiliario.com/MLC-3867477574-vive-frente-al-mar-en-la-serena-vista-privilegiada-al-faro-_JM
550000,58,2,1,0,https://portalinmobiliario.com/MLC-3867610412-oportunidad-arriendo-ano-corrido-gastos-comunes-incluido-_JM
1000000,78,2,2,0,https://portalinmobiliario.com/MLC-3868551268-amplio-y-luminoso-con-vista-panoramica-al-mar-140746-_JM
580000,77,1,1,0,https://portalinmobiliario.com/MLC-3868691750-depto-1d-amplio-terraza-san-joaquin-152312-_JM
450000,64,2,2,1,https://portalinmobiliario.com/MLC-3868691994-arriendo-en-la-herradura-sur-2d-2b-152290-_JM
680000,80,2,2,0,https://portalinmobiliario.com/MLC-3873298918-excelente-ubicacion-departamento-en-ulriksen-158290-_JM
470000,53,2,2,1,https://portalinmobiliario.com/MLC-3873393416-se-arrienda-depto-amoblado-de-2d2b-en-la-serena-_JM
470000,50,2,2,0,https://portalinmobiliario.com/MLC-3873429506-departamento-en-arriendo-de-2-dorm-en-centro-de-la-serena-_JM
600000,64,2,2,0,https://portalinmobiliario.com/MLC-3873550582-arriendo-departamento-amoblado-en-la-serena-158335-_JM
550000,36,1,1,0,https://portalinmobiliario.com/MLC-3873760838-luminoso-departamento-en-zona-tranquila-158378-_JM
1200000,97,3,2,0,https://portalinmobiliario.com/MLC-3874457950-3-dorm-vista-al-mar-laguna-del-mar-158394-_JM
700000,54,2,1,0,https://portalinmobiliario.com/MLC-3874673002-arriendo-departamento-condominio-club-oceano-_JM
990000,68,2,2,0,https://portalinmobiliario.com/MLC-3874746798-arriendo-ano-corrido-departamento-costanera-coquimbo-_JM
800000,90,3,2,0,https://portalinmobiliario.com/MLC-3874755440-confort-y-estilo-en-sector-privilegiado-141040-_JM
500000,63,2,2,0,https://portalinmobiliario.com/MLC-3874818454-se-arrienda-depto-2d2b-y-estac-la-serena-cerca-del-mar-_JM
590000,55,2,2,0,https://portalinmobiliario.com/MLC-3874831188-depto-2d2b1eav-del-mar-la-serena-19674-_JM
650000,72,2,2,1,https://portalinmobiliario.com/MLC-3874911348-maravilloso-depto-nuevo-san-joaquin-ano-corrido-_JM
600000,54,2,2,0,https://portalinmobiliario.com/MLC-3876345936-departamento-en-arriendo-de-2-dorm-en-la-serena-_JM
415000,40,1,1,1,https://portalinmobiliario.com/MLC-3876346080-departamento-en-arriendo-en-coquimbo-_JM
500000,70,3,1,1,https://portalinmobiliario.com/MLC-3878503126-depto-amoblado-en-arriendo-ano-corrido-3d-centro-la-serena-_JM
460000,40,2,1,0,https://portalinmobiliario.com/MLC-3878504260-arriendo-departamento-hac-tejar-2-minutos-centro-la-serena-_JM
480000,64,3,1,0,https://portalinmobiliario.com/MLC-3878515456-arriendo-departamento-amoblado-en-los-tamarindos-3d1b-1estac-_JM
800000,101,3,2,0,https://portalinmobiliario.com/MLC-3879135504-depto-amoblado-ano-corrido-a-pasos-del-mar-158683-_JM
500000,56,3,2,0,https://portalinmobiliario.com/MLC-3879137122-excelente-conectividad-y-diseno-innovador-130221-_JM
500000,55,3,2,1,https://portalinmobiliario.com/MLC-3879680742-departamento-nuevo-para-estrenar-en-condominio-m-_JM
450000,46,3,1,1,https://portalinmobiliario.com/MLC-3879682942-departamento-cerca-de-universidades-y-avenida-del-mar-_JM
800000,89,2,3,0,https://portalinmobiliario.com/MLC-3879684972-se-arrienda-duplex-a-pasos-de-av-del-mar-158758-_JM
600000,80,2,2,1,https://portalinmobiliario.com/MLC-3879966272-arrie-dp2-d-estamoblplaya-la-herradura-co-123890-_JM
430000,60,1,1,1,https://portalinmobiliario.com/MLC-3879966316-en-arriendo-depto-amoblado-centro-la-serena-1d-y-1b-_JM
850000,71,2,2,0,https://portalinmobiliario.com/MLC-3879972236-arriendo-hermoso-departamento-en-la-serena-158769-_JM
650000,65,2,2,1,https://portalinmobiliario.com/MLC-3880110014-departamento-de-dos-dormitorios-y-dos-banos-en-primera-linea-_JM
480000,47,1,1,0,https://portalinmobiliario.com/MLC-3880127102-departamento-con-excelente-ubicacion-76640-_JM
455000,50,2,1,1,https://portalinmobiliario.com/MLC-3880134026-departamento-avenida-estadio-id-169613-_JM
580000,70,3,2,0,https://portalinmobiliario.com/MLC-3880134034-arriendo-san-joaquin-barrio-universitario-hermoso-_JM
470000,45,2,1,1,https://portalinmobiliario.com/MLC-3882242666-edificio-av-las-higueras-1-est-vista-oriente-piso-3-_JM
470000,45,2,1,1,https://portalinmobiliario.com/MLC-3882488870-edificio-av-las-higueras-1-est-vista-oriente-piso-5-_JM
650000,67,2,1,1,https://portalinmobiliario.com/MLC-3882854468-marzo-a-diciembre-depto-amoblado-en-condominio--_JM
900000,78,2,2,0,https://portalinmobiliario.com/MLC-3882880514-arriendo-hermoso-departamento-en-la-serena-146936-_JM
520000,51,2,1,0,https://portalinmobiliario.com/MLC-3882881230-departamento-nuevo-orientacion-nororiente-ano-corrido-_JM
500000,58,3,2,1,https://portalinmobiliario.com/MLC-3882882594-departamento-amoblado-en-el-milagro-3d-2b-1e-ggcc-incluidos-_JM
390000,53,3,1,0,https://portalinmobiliario.com/MLC-3882892396-departamento-en-arriendo-de-3-dorm-en-coquimbo-_JM
520000,47,2,1,1,https://portalinmobiliario.com/MLC-3882971316-departamento-avenida-pacifico-id-167413-_JM
750000,84,3,2,0,https://portalinmobiliario.com/MLC-3882971356-arriendo-departamento-laguna-del-mar-158968-_JM
1100000,89,3,2,1,https://portalinmobiliario.com/MLC-3882971394-departamento-amoblado-de-marzo-a-diciembre-en-aven-_JM
500000,75,2,2,0,https://portalinmobiliario.com/MLC-3883437616-espacioso-departamento-lleno-de-luz-natural-158967-_JM
790000,78,2,2,0,https://portalinmobiliario.com/MLC-3883437618-arriendo-departamento-laguna-del-mar-158965-_JM
580000,65,2,2,1,https://portalinmobiliario.com/MLC-3883437674-arriendo-ano-corrido-152812-_JM
600000,70,2,2,1,https://portalinmobiliario.com/MLC-3883593078-departamento-avenida-los-pescadores-id-154151-_JM
600000,60,2,2,0,https://portalinmobiliario.com/MLC-3883593196-amplio-y-luminoso-ideal-para-familias-152825-_JM
550000,52,2,2,1,https://portalinmobiliario.com/MLC-3883814966-depto-nuevo-para-ano-corrido-cond-firenze-_JM
1000000,88,2,2,0,https://portalinmobiliario.com/MLC-3883816140-departamento-en-arriendo-condominio-vista-en-la-serena-_JM
800000,80,2,2,0,https://portalinmobiliario.com/MLC-3883826702-departamento-en-arriendo-de-2-habitaciones-en-serena-golf-_JM
650000,68,3,2,1,https://portalinmobiliario.com/MLC-3884010404-departamento-avenida-pacifico-id-169854-_JM
850000,92,3,2,0,https://portalinmobiliario.com/MLC-3884017356-amplio-y-luminoso-departameno-amoblado-_JM
580000,78,3,2,1,https://portalinmobiliario.com/MLC-3884017608-depto-amoblado-primer-piso-en-condominio-alto-hacienda-_JM
650000,62,2,2,1,https://portalinmobiliario.com/MLC-3884017804-dpto-amoblado-2b2b-con-estacionamiento-_JM
460000,36,1,1,0,https://portalinmobiliario.com/MLC-3885470788-arriendo-departamento-amoblado-1d-1b-159096-_JM
550000,60,2,2,1,https://portalinmobiliario.com/MLC-3885472226-departamento-avenida-pacifico-id-169851-_JM
500000,72,2,2,1,https://portalinmobiliario.com/MLC-3885506180-coquimbo-frente-a-enjoy-full-amoblado-marzo-diciembre-_JM
400000,53,3,1,1,https://portalinmobiliario.com/MLC-3885519072-departamento-condominio-paseo-san-carlos-ii-coquimbo-_JM
490000,80,3,2,1,https://portalinmobiliario.com/MLC-3885521660-departamento-en-arriendo-la-serena-_JM
600000,50,2,1,1,https://portalinmobiliario.com/MLC-3886271452-departamento-amoblado-a-pasos-de-playa-_JM
400000,56,3,1,1,https://portalinmobiliario.com/MLC-3886379472-se-arrienda-departamento-3-habitaciones-1-bano-_JM
450000,55,2,1,0,https://portalinmobiliario.com/MLC-3886379894-arriendo-departamento-amoblado-av-libertad-198-_JM
680000,55,2,2,0,https://portalinmobiliario.com/MLC-3886609156-av-del-mar-_JM
650000,78,2,2,0,https://portalinmobiliario.com/MLC-3886791036-departamento-amoblado-con-hermosa-vista-al-mar-_JM
550000,65,3,2,0,https://portalinmobiliario.com/MLC-3886795332-arriendo-departamento-la-serena-altos-del-sendero-iv-3d2b-_JM
400000,55,2,1,1,https://portalinmobiliario.com/MLC-3888201732-ano-corrido-en-condominio-alto-hacienda-_JM
530000,54,2,2,1,https://portalinmobiliario.com/MLC-3888204028-hermoso-departamento-primera-linea-playa-la-herradura-_JM
530000,75,2,2,0,https://portalinmobiliario.com/MLC-3888209866-departamento-central-la-serena-_JM
400000,100,2,2,1,https://portalinmobiliario.com/MLC-3888213146-mini-casa-amoblada-_JM
480000,58,3,2,1,https://portalinmobiliario.com/MLC-3888215600-arriendo-el-milagro-departamento-amoblado-3d2b-e-_JM
450000,58,2,2,1,https://portalinmobiliario.com/MLC-3888219528-arriendo-departamento-amoblado-av-el-sauce-3271-_JM
600000,99,3,3,0,https://portalinmobiliario.com/MLC-3892085154-arriendo-amplio-departamento-excelente-sector-12691-_JM
580000,61,2,2,0,https://portalinmobiliario.com/MLC-3892122676-arriendo-en-san-joaquin-_JM
490000,54,2,1,0,https://portalinmobiliario.com/MLC-3892124190-depto-amoblado-en-segunda-linea-de-av-del-mar-_JM
460000,52,3,1,1,https://portalinmobiliario.com/MLC-3892125864-departamento-completamente-amoblado-a-pasos-de-la-costanera-_JM
480000,50,2,2,0,https://portalinmobiliario.com/MLC-3892128724-departamento-en-arriendo-de-2-dorm-en-la-serena-_JM
450000,52,3,1,0,https://portalinmobiliario.com/MLC-3893377354-depto-amoblado-en-arriendo-hasta-diciembre-en-pue-_JM
700000,72,3,2,0,https://portalinmobiliario.com/MLC-3893378332-departamento-seminuevo-barrio-universitario-_JM
490000,55,2,2,1,https://portalinmobiliario.com/MLC-3893378528-departamento-en-arriendo-en-puerta-del-mar-la-serena-_JM
520000,56,2,2,0,https://portalinmobiliario.com/MLC-3893379694-arriendo-ano-corrido-gc-incluidos-_JM
500000,50,2,2,1,https://portalinmobiliario.com/MLC-3893381440-pacifico-3100-hermoso-departamento-hasta-diciembre-_JM
490000,60,3,1,1,https://portalinmobiliario.com/MLC-3893381442-nova-pacifico-arriendo-hasta-diciembre-_JM
550000,56,2,2,1,https://portalinmobiliario.com/MLC-3894099570-depto-amoblado-estilo-mariposa-en-los-lagos-penuelas-_JM
450000,47,2,1,0,https://portalinmobiliario.com/MLC-3894106570-depto-en-penuelas-arriendo-hasta-diciembre-147825-_JM
600000,71,2,2,1,https://portalinmobiliario.com/MLC-3894137548-nuevo-depto-2d2b-luminoso-terraza-piscina-estac-_JM
900000,166,4,3,0,https://portalinmobiliario.com/MLC-3894138640-cuatro-esquinas-74398-_JM
500000,54,2,1,0,https://portalinmobiliario.com/MLC-3894144970-depto-insuperable-2d-1b-en-cerro-grande-147785-_JM
500000,64,2,1,1,https://portalinmobiliario.com/MLC-3894974648-comodo-departamento-amoblado-en-arriendo-de-marzo-_JM
690000,57,3,2,1,https://portalinmobiliario.com/MLC-3894978468-departamento-en-arriendo-de-3-dorm-en-la-serena-_JM
450000,50,3,1,1,https://portalinmobiliario.com/MLC-3894979482-departamento-en-arriendo-en-regimiento-arica-_JM
480000,40,1,1,0,https://portalinmobiliario.com/MLC-3894979952-departamento-en-arriendo-de-1-dorm-av-mar-_JM
500000,60,3,2,1,https://portalinmobiliario.com/MLC-3896724652-departamento-en-arriendo-3d2b-cuarto-piso-_JM
550000,48,1,1,1,https://portalinmobiliario.com/MLC-3896867340-departamento-en-san-joaquin-_JM
460000,35,1,1,1,https://portalinmobiliario.com/MLC-3896879878-arriendo-depto-nuevo-1d1b-a-pasos-de-enjoy-coquimbo-_JM
460000,46,3,1,0,https://portalinmobiliario.com/MLC-3896883118-la-serena-departamento-comodo-seguro-cercano-a-universidades-_JM
500000,70,2,2,1,https://portalinmobiliario.com/MLC-3896885872-amoblado-_JM
650000,65,2,2,0,https://portalinmobiliario.com/MLC-3897282158-ano-corrido-amoblado-a-pasos-del-mar-_JM
520000,45,2,1,0,https://portalinmobiliario.com/MLC-3897425848-a-pasos-de-casino-enjoy-penuelas-_JM
550000,56,3,1,0,https://portalinmobiliario.com/MLC-3897426912-vive-el-confort-en-departamento-exclusivo-153865-_JM
650000,64,2,1,0,https://portalinmobiliario.com/MLC-3897427208-departamento-primera-linea-con-hermosa-vista-al-mar-_JM
650000,70,2,2,1,https://portalinmobiliario.com/MLC-3897427374-arriendo-amoblado-_JM
550000,65,2,2,1,https://portalinmobiliario.com/MLC-3897428232-se-arrienda-ano-corrido-2d-2b-con-o-sin-muebles-ggcc-incluid-_JM
480000,46,3,1,0,https://portalinmobiliario.com/MLC-3897428780-arriendo-depto-amoblado-3d-primer-piso-av-del-mar-_JM
450000,56,2,2,1,https://portalinmobiliario.com/MLC-3897428792-arriendo-depto-amoblado-2d2b-costa-marina-i-penuelas-_JM
620000,65,1,1,1,https://portalinmobiliario.com/MLC-3897438164-amplio-departamento-en-exclusivo-condominio-de-la-serena-_JM
550000,70,2,2,1,https://portalinmobiliario.com/MLC-3897439264-departamento-con-laguna-navegable-y-4-piscinas-_JM
560000,62,2,2,1,https://portalinmobiliario.com/MLC-3897440750-departamento-en-arriendo-en-sindempart-coquimbo-_JM
550000,60,3,2,0,https://portalinmobiliario.com/MLC-3897442226-departamento-en-arriendo-en-las-companias-_JM
600000,63,2,2,1,https://portalinmobiliario.com/MLC-3897449506-edificio-av-costanera-1-est-vista-norte-piso-5-_JM
900000,70,2,2,0,https://portalinmobiliario.com/MLC-3897453298-cuatro-esquinas-_JM
600000,90,3,2,0,https://portalinmobiliario.com/MLC-3897453776-amplio-departamento-frente-al-mar-159930-_JM
550000,70,3,2,0,https://portalinmobiliario.com/MLC-3897454862-arriendo-depto-3d-2b-vista-al-mar-penuelas-_JM
650000,61,2,1,1,https://portalinmobiliario.com/MLC-3897455008-se-arrienda-departamento-2d-1b-full-amoblado-ggcc-inc-_JM
450000,43,1,1,1,https://portalinmobiliario.com/MLC-3897455726-departamento-amoblado-sector-puertas-del-mar-_JM
1100000,145,3,2,1,https://portalinmobiliario.com/MLC-3897465874-arriendo-departamento-ano-corrido-primera-linea-_JM
480000,63,3,1,1,https://portalinmobiliario.com/MLC-3897465892-arriendo-dpto-ano-corrido-la-herradura-153869-_JM
430000,35,1,1,0,https://portalinmobiliario.com/MLC-3897468226-se-arrienda-ano-corrido-1-dorm-1-bano-amoblado-ggcc-incluido-_JM
650000,88,3,2,0,https://portalinmobiliario.com/MLC-3897468464-se-arrienda-marzo-a-diciembre-hermoso-y-amplio-depto-3d2b-_JM
530000,49,2,1,1,https://portalinmobiliario.com/MLC-3897475382-arriendo-depto-amoblado-2d-1b-1e-av-los-pescadores-_JM
460000,60,2,1,1,https://portalinmobiliario.com/MLC-3897475630-vive-donde-siempre-quisiste-sector-puertas-del-mar-_JM
280000,48,3,1,1,https://portalinmobiliario.com/MLC-3899398708-departamento-ano-corrido-de-3-dormitorios-coquimbo-_JM
630000,89,3,2,1,https://portalinmobiliario.com/MLC-3899583820-departamento-en-arriendo-de-3-dorm-en-la-serena-_JM
430000,60,2,2,1,https://portalinmobiliario.com/MLC-3899585010-departamento-los-lagos-id-170130-_JM
430000,62,2,2,1,https://portalinmobiliario.com/MLC-3899588006-depto-moderno-entrega-inmediata-2d2b-ggcc-incluidos-_JM
780000,99,3,2,1,https://portalinmobiliario.com/MLC-3899594574-ano-corrido-depto-amoblado-3d-en-aqua-resort-_JM
700000,66,2,2,0,https://portalinmobiliario.com/MLC-3899595460-arriendo-dpto-2d2b1e-c-costa-pacifico-160030-_JM
450000,60,3,1,1,https://portalinmobiliario.com/MLC-3899667560-departamento-3d-1b-sin-muebles-en-arriendo-av-waldo-alcalde-_JM
530000,60,2,1,1,https://portalinmobiliario.com/MLC-3899674034-arriendo-departamento-2hab-1ba-coquimbo-_JM
500000,40,2,1,1,https://portalinmobiliario.com/MLC-3899675832-departamento-nuevo-2d1b-con-estacionamiento-_JM
400000,37,1,1,0,https://portalinmobiliario.com/MLC-3899686358-departamento-santa-rosa-id-170202-_JM
600000,84,3,2,0,https://portalinmobiliario.com/MLC-3899785536-se-arrienda-dpto-amoblado-puertas-del-mar-160020-_JM
550000,57,1,2,0,https://portalinmobiliario.com/MLC-3899786198-arriendo-departamento-cercano-al-faro-la-serena-_JM
960000,90,2,2,1,https://portalinmobiliario.com/MLC-3899788306-departamento-estilo-mariposa-en-arriendo-ano-corri-_JM
600000,55,2,1,0,https://portalinmobiliario.com/MLC-3900715910-depto-primera-linea-2d1b-enjoy-marzo-diciembre-o-compra-_JM
450000,63,3,2,0,https://portalinmobiliario.com/MLC-3901820180-departamento-en-arriendo-de-3-dorm-en-la-serena-_JM
650000,50,2,1,0,https://portalinmobiliario.com/MLC-3901820282-arriendo-ano-corrido-club-oceano-_JM
750000,73,2,2,0,https://portalinmobiliario.com/MLC-3901833376-depto-en-arriendo-de-2-dorm-laguna-del-mar-ano-corrido-_JM
490000,50,3,1,0,https://portalinmobiliario.com/MLC-3902053850-departamento-tres-habitaciones-en-arriendo-o-venta-la-serena-_JM
560000,63,2,2,0,https://portalinmobiliario.com/MLC-3902054510-arriendo-de-marzo-a-diciembre-depto-amoblado-_JM
620000,41,1,1,0,https://portalinmobiliario.com/MLC-3902056582-espectacular-departamento-para-una-persona-o-una-pareja-_JM
490000,54,2,1,0,https://portalinmobiliario.com/MLC-3902066526-departamento-en-arriendo-de-2-dorm-en-la-serena-_JM
700000,86,2,2,1,https://portalinmobiliario.com/MLC-3902067500-acogedor-depto-amoblado-en-la-herradura-primera-linea-_JM
450000,32,1,1,1,https://portalinmobiliario.com/MLC-3902067916-hermoso-1d431b-amoblado-con-gasto-comun-incluido-_JM
600000,57,2,2,1,https://portalinmobiliario.com/MLC-3902080174-arriendo-dpto-2d-2b-av-pacifico-la-serena-_JM
600000,58,2,2,0,https://portalinmobiliario.com/MLC-3902085680-departamento-en-penuelas-ano-corrido-2d2b-_JM
490000,64,3,2,0,https://portalinmobiliario.com/MLC-3902085720-arriendo-marzo-a-diciembre-2026-av-pacifico-4115-_JM
640000,65,2,2,0,https://portalinmobiliario.com/MLC-3902086248-arriendo-departamento-sector-costero-la-serena-_JM
500000,55,3,1,1,https://portalinmobiliario.com/MLC-3904420298-se-arrienda-depto-en-coquimbo-por-meses-o-ano-corrido-amobl-_JM
500000,58,3,1,1,https://portalinmobiliario.com/MLC-3904447196-arriendo-o-venta-primer-piso-_JM
400000,41,1,1,1,https://portalinmobiliario.com/MLC-3904447610-arriendo-flexible-de-abril-a-diciembre-en-la-serena-_JM
680000,76,2,2,1,https://portalinmobiliario.com/MLC-3904784292-arriendo-departamento-amoblado-la-herradura-coquimbo-_JM
490000,60,3,1,0,https://portalinmobiliario.com/MLC-3905303400-se-arrienda-departamento-en-sector-pinamar-_JM
650000,71,2,1,0,https://portalinmobiliario.com/MLC-3905306194-departamento-frente-al-mar-160277-_JM
750000,100,3,2,1,https://portalinmobiliario.com/MLC-3905306882-dona-anita-arriendo-hasta-diciembre-la-serena-_JM
630000,73,3,2,0,https://portalinmobiliario.com/MLC-3905311268-arriendo-departamento-3h-2b-amoblado-_JM
400000,60,2,1,0,https://portalinmobiliario.com/MLC-3905313268-arriendo-dep-marzo-a-diciembre-en-la-serena-_JM
580000,73,3,2,0,https://portalinmobiliario.com/MLC-3905314490-departamento-3d-2b-semi-nuevo-la-serena-_JM
600000,69,2,2,1,https://portalinmobiliario.com/MLC-3905318884-departamento-avenida-las-higueras-id-165052-_JM
550000,52,2,1,1,https://portalinmobiliario.com/MLC-3905319328-espectacular-depto-en-penuelas-ano-corrido-160283-_JM
900000,80,2,2,1,https://portalinmobiliario.com/MLC-3905319438-departamento-en-arriendo-ano-corrido-_JM
510000,72,3,2,0,https://portalinmobiliario.com/MLC-3905319550-arriendo-departamento-serena-154211-_JM
600000,89,2,2,0,https://portalinmobiliario.com/MLC-3905319628-ideal-para-vivir-de-marzo-a-diciembre-154091-_JM
750000,94,3,2,0,https://portalinmobiliario.com/MLC-3905327636-la-serena-arriendo-depto-amoblado-a-pasos-de-la-playa-_JM
460000,46,3,1,0,https://portalinmobiliario.com/MLC-3905328166-se-arrienda-a-estudiantes-de-uni-del-alba-marzo-a-diciembre-_JM
400000,60,2,1,1,https://portalinmobiliario.com/MLC-3905331748-departamento-juan-antonio-rios-id-167560-_JM
1100000,83,3,2,0,https://portalinmobiliario.com/MLC-3905332432-arriendo-hermoso-departamento-amoblado-154145-_JM
930000,76,2,2,0,https://portalinmobiliario.com/MLC-3905332444-arriendo-hermoso-departamento-ano-corrido-154142-_JM
500000,59,2,1,0,https://portalinmobiliario.com/MLC-3905345252-arriendo-depto-2d-pasos-de-la-playa-la-serena-160255-_JM
590000,78,2,2,0,https://portalinmobiliario.com/MLC-3905345344-dpto-en-la-serena-primera-linea-amoblado-149104-_JM
400000,57,2,2,0,https://portalinmobiliario.com/MLC-3905345718-excelente-depto-en-arriendo-ano-corrido-93191-_JM
550000,52,2,2,0,https://portalinmobiliario.com/MLC-3905345818-arriendo-ano-corrido-depto-amoblado-en-puertas-del-mar-_JM
750000,92,3,2,1,https://portalinmobiliario.com/MLC-3905352968-amoblado-de-marzo-a-diciembre-condominio-playa-herrradura-_JM
450000,70,2,2,1,https://portalinmobiliario.com/MLC-3907636638-se-arrienda-depto-marzo-a-diciembre-_JM
360000,29,1,1,1,https://portalinmobiliario.com/MLC-3907639676-departamento-full-equipado-ideal-para-medicos-o-estudiantes-_JM
470000,45,2,1,1,https://portalinmobiliario.com/MLC-3907645250-departamento-avenida-los-pescadores-id-170168-_JM
750000,68,2,2,1,https://portalinmobiliario.com/MLC-3907664710-dpto-ano-corrido-primera-linea-2d-2b-ggcc-inc-_JM
420000,45,2,1,1,https://portalinmobiliario.com/MLC-3907666470-altos-del-sendero-v-2d1b1e-trato-directo-con-dueno-_JM
500000,50,1,1,1,https://portalinmobiliario.com/MLC-3909970178-se-arrienda-ano-corrido-1d-1b-full-amoblado-ultimo-piso-_JM
670000,74,2,2,0,https://portalinmobiliario.com/MLC-3909970228-departamento-en-arriendo-de-2-dorm-en-la-serena-_JM
700000,66,2,2,1,https://portalinmobiliario.com/MLC-3910009544-precioso-depto-ano-corrido-cond-aqua-_JM
600000,65,3,2,0,https://portalinmobiliario.com/MLC-3911493938-departamento-en-puertas-del-mar-3-d-2-b-con-estacionamiento-_JM
750000,85,2,3,0,https://portalinmobiliario.com/MLC-3911494254-duplex-amoblado-vista-mar-2d-3b-av-pacifico-_JM
550000,53,1,1,0,https://portalinmobiliario.com/MLC-3911500394-departamento-duplex-en-arriendo-puerto-serena-_JM
550000,60,1,1,0,https://portalinmobiliario.com/MLC-3911513114-departamento-en-arriendo-de-1-dorm-en-la-serena-_JM
450000,55,2,2,1,https://portalinmobiliario.com/MLC-3911526148-imperdible-arriendo-de-departamento-nuevo-en-san-ramon-_JM
350000,61,3,1,0,https://portalinmobiliario.com/MLC-3911557690-la-serena-lindo-dpto-arriendo-3d-1b-_JM
450000,46,1,1,0,https://portalinmobiliario.com/MLC-3911564708-arriendo-departamento-1d-y-1b-en-condominio-puerto-serena-_JM
550000,55,1,1,0,https://portalinmobiliario.com/MLC-3911565212-se-arrienda-ano-corrido-sector-san-joaquin-1d-1b-con-vistas-_JM
650000,80,2,2,0,https://portalinmobiliario.com/MLC-3912227592-se-arrienda-departamento-amoblado-en-avda-del-mar-_JM
680000,68,2,2,1,https://portalinmobiliario.com/MLC-3912294168-hermoso-depto-primera-linea-playa-solo-de-marzo-a-dic-_JM
600000,60,2,2,0,https://portalinmobiliario.com/MLC-3912910462-neohaus-arriendo-marzo-dic-2026-la-serena-_JM
500000,55,2,1,0,https://portalinmobiliario.com/MLC-3912913944-se-arrienda-depto-nuevo-en-puertas-del-mar-la-serena-_JM
1100000,99,3,2,0,https://portalinmobiliario.com/MLC-3912947428-arriendo-dpto-ano-corrido-laguna-del-mar-114861-_JM
630000,70,2,2,1,https://portalinmobiliario.com/MLC-3912948826-depto-amoblado-con-linda-vista-al-mar-la-herradura-_JM
570000,64,2,2,1,https://portalinmobiliario.com/MLC-3912949664-arriendo-departamento-ano-corrido-coquimbo-_JM
500000,65,2,2,0,https://portalinmobiliario.com/MLC-3912955248-arriendo-depto-vista-al-mar-en-coquimbo-_JM
550000,55,2,2,0,https://portalinmobiliario.com/MLC-3913039352-acogedor-departamento-amoblado-av-pacifico-_JM
450000,60,3,1,1,https://portalinmobiliario.com/MLC-3913043232-arriendo-depto-ano-corrido-coquimbo-_JM
580000,70,2,2,1,https://portalinmobiliario.com/MLC-3913045778-departamento-en-arriendo-en-avenida-del-mar-_JM
620000,66,2,2,0,https://portalinmobiliario.com/MLC-3913047302-arriendo-borde-costero-confort-seguridad-_JM
450000,40,2,1,0,https://portalinmobiliario.com/MLC-3913047520-departamento-en-arriendo-en-puerta-del-mar-_JM
490000,62,3,1,0,https://portalinmobiliario.com/MLC-3913050494-departamento-en-arriendo-san-joaquin-la-serena-_JM
700000,75,2,2,0,https://portalinmobiliario.com/MLC-3913078204-depto-amoblado-en-condominio-jardin-del-mar-_JM
700000,75,3,2,0,https://portalinmobiliario.com/MLC-3913078206-depto-amoblado-en-av-los-pescadores-_JM
380000,41,2,1,0,https://portalinmobiliario.com/MLC-3914589124-a-pasos-del-enjoy-disponibilidad-inmediata-160778-_JM
460000,34,2,1,0,https://portalinmobiliario.com/MLC-3914592878-departamento-con-un-dormitorio-ano-corrido-_JM
500000,45,2,1,1,https://portalinmobiliario.com/MLC-3914593306-departamento-avenida-pacifico-id-170411-_JM
580000,34,1,1,0,https://portalinmobiliario.com/MLC-3914593894-departamento-en-exclusivo-condominio-boulevard-_JM
650000,110,3,2,1,https://portalinmobiliario.com/MLC-3914594720-arriendo-depto-primera-linea-frenta-al-mar-gastos-incluidos-_JM
750000,65,2,2,0,https://portalinmobiliario.com/MLC-3914595664-dpto-vista-al-mar-acceso-directo-a-la-playa-de-la-serena-_JM
350000,36,1,1,0,https://portalinmobiliario.com/MLC-3914596710-edificio-baquedano-piso-8-_JM
750000,90,2,2,1,https://portalinmobiliario.com/MLC-3914596982-hermoso-departamento-avenida-del-mar-_JM
900000,77,3,2,0,https://portalinmobiliario.com/MLC-3914606580-departamento-en-arriendo-laguna-del-mar-en-la-serena-_JM
650000,65,2,2,1,https://portalinmobiliario.com/MLC-3914607560-dpto-av-del-mar-salida-directa-a-la-playa-_JM
450000,70,2,2,1,https://portalinmobiliario.com/MLC-3914630380-departamento-en-arriendo-centro-la-serena-_JM
420000,55,2,1,0,https://portalinmobiliario.com/MLC-3914631496-departamento-en-arriendo-de-2-dorm-en-la-serena-_JM
750000,80,2,3,0,https://portalinmobiliario.com/MLC-3914632792-duplex-ano-corrido-av-pacifico-2d-3b-amoblado-ggcc-incluido-_JM
500000,45,2,1,1,https://portalinmobiliario.com/MLC-3914633510-departamento-2d1b-mas-estacionamiento-_JM
750000,65,2,2,0,https://portalinmobiliario.com/MLC-3914633538-hermoso-departamento-avdel-mar-la-serena-_JM
430000,48,2,1,1,https://portalinmobiliario.com/MLC-3914635324-departamento-la-serena-arrienda-su-dueno-_JM
500000,40,1,1,1,https://portalinmobiliario.com/MLC-3914644180-departamento-avenida-puertas-del-mar-id-169994-_JM
570000,51,2,2,0,https://portalinmobiliario.com/MLC-3915729778-espacioso-departamento-amoblado-83972-_JM
360000,55,3,1,0,https://portalinmobiliario.com/MLC-3915730100-se-arrienda-departamento-en-las-companias-la-serena-_JM
530000,63,3,2,1,https://portalinmobiliario.com/MLC-3915730774-departamento-en-arriendo-condominio-palmas-de-penuelas-_JM
650000,60,2,2,1,https://portalinmobiliario.com/MLC-3915730894-maravilloso-dpto-marzo-a-diciembre-aqua-la-serena-_JM
480000,50,2,2,0,https://portalinmobiliario.com/MLC-3915731268-se-arrienda-departamento-ano-corrido-en-la-serena-_JM
550000,90,3,2,1,https://portalinmobiliario.com/MLC-3915747488-sector-san-joaquin-_JM
520000,53,3,2,0,https://portalinmobiliario.com/MLC-3915752010-arriendo-excelente-vista-depto-118867-_JM
500000,55,3,2,0,https://portalinmobiliario.com/MLC-3915755752-arriendo-depto-buena-ubicacion-137920-_JM
420000,34,1,1,1,https://portalinmobiliario.com/MLC-3915756118-arriendo-departamento-con-vista-al-mar-coquimbo-_JM
500000,70,3,2,0,https://portalinmobiliario.com/MLC-3915756134-se-arrienda-depto-marzo-a-diciembre-_JM
660000,80,3,2,1,https://portalinmobiliario.com/MLC-3915756220-arriendo-ano-corrido-depto-amoblado-en-condominio-costa-mar-_JM
1000000,120,4,3,1,https://portalinmobiliario.com/MLC-3915761174-arriendo-amoblado-departamento-4d3b1e-serena-golf-_JM
490000,78,3,1,1,https://portalinmobiliario.com/MLC-3915762292-depto-amoblado-con-estacionamiento-y-gc-incluidos-_JM
1000000,135,3,2,0,https://portalinmobiliario.com/MLC-3915764896-lindo-y-remodelado-departamento-av-del-mar-_JM
580000,66,2,2,0,https://portalinmobiliario.com/MLC-3915794568-arriendo-en-zona-segura-y-privilegiada-155102-_JM
650000,52,2,2,1,https://portalinmobiliario.com/MLC-3915797296-departamento-avenida-el-milagro-id-170422-_JM
1350000,90,2,2,1,https://portalinmobiliario.com/MLC-3917900642-muy-luminoso-vista-privilegiada-frente-al-mar-piscinas-tem-_JM
780000,90,3,2,0,https://portalinmobiliario.com/MLC-3918949614-ultimo-piso-arriendo-ano-corrido-amoblado-_JM
600000,58,2,2,1,https://portalinmobiliario.com/MLC-3918951854-coquimbo-ano-corrido-_JM
500000,50,2,2,1,https://portalinmobiliario.com/MLC-3918951992-oferta-departamento-en-arriendo-de-2d-2b-en-la-serena-_JM
600000,80,3,2,0,https://portalinmobiliario.com/MLC-3918963540-departamento-en-arriendo-de-3-dorm-en-la-serena-_JM
480000,60,2,2,1,https://portalinmobiliario.com/MLC-3918965192-depto-en-la-serena-ano-corrido-sin-amoblar-_JM
580000,66,3,2,0,https://portalinmobiliario.com/MLC-3918967880-puertas-del-mar-la-serena-98649-_JM
450000,40,1,1,1,https://portalinmobiliario.com/MLC-3918975706-excelente-oportunidad-arriendo-dpto-a-estrenar-ano-corri-_JM
570000,50,2,1,0,https://portalinmobiliario.com/MLC-3919787202-depto-2d2b-ano-corridogcinc-amoblado-p-del-mar-_JM
650000,69,3,2,1,https://portalinmobiliario.com/MLC-3919787558-se-arrienda-depto-3d2b-el-llano-coquimbo-120625-_JM
550000,70,3,1,1,https://portalinmobiliario.com/MLC-3919792990-dpto-amoblado-a-pasos-de-casino-enjoy-_JM
600000,86,3,2,1,https://portalinmobiliario.com/MLC-3919796120-depto-ano-corrido-3d-2b-la-herradura-_JM
695000,85,3,2,0,https://portalinmobiliario.com/MLC-3919796220-ano-corrido-depto-marina-horizonte-2-3d-2b-penuelas-_JM
550000,65,3,2,0,https://portalinmobiliario.com/MLC-3919796236-arriendo-depto-ano-corrido-en-la-serena-_JM
700000,53,2,2,1,https://portalinmobiliario.com/MLC-3919800038-la-herradura-primera-linea-_JM
715000,57,2,2,0,https://portalinmobiliario.com/MLC-3919800164-departamento-frente-a-la-playa-en-la-serena-_JM
580000,58,2,2,0,https://portalinmobiliario.com/MLC-3919802964-arriendo-departamento-amoblado-con-tremenda-ubicacion-_JM
600000,86,2,2,0,https://portalinmobiliario.com/MLC-3919803594-arriendo-marzo-a-diciembre-playa-serena-_JM
580000,75,2,2,0,https://portalinmobiliario.com/MLC-3919804316-a-pasos-de-la-playa-arriendo-ano-corrido-2-dorm-y-2-banos-_JM
650000,75,2,2,0,https://portalinmobiliario.com/MLC-3919804334-ultimo-piso-arriendo-ano-corrido-2-dorm-y-2-banos-_JM
500000,63,3,2,0,https://portalinmobiliario.com/MLC-3919809286-depto-sin-muebles-3d-2b-la-florida-la-serena-_JM
550000,65,2,2,1,https://portalinmobiliario.com/MLC-3919809318-arriendo-ano-corrido-bahia-horizonte-2d-y-2b-la-herradura-_JM
700000,74,2,2,0,https://portalinmobiliario.com/MLC-3919813374-arriendo-dpto-primera-linea-anocorrido-serena-149145-_JM
470000,50,2,1,0,https://portalinmobiliario.com/MLC-3919816560-arriendo-amoblado-ano-corrido-detras-del-casino-_JM
550000,65,2,2,0,https://portalinmobiliario.com/MLC-3919817308-arriendo-frente-al-mar-hasta-diciembre-en-serena-_JM
370000,45,3,1,0,https://portalinmobiliario.com/MLC-3919817364-la-serena-arriendo-departamento-3d1b-con-estacionamiento-_JM
650000,110,3,3,0,https://portalinmobiliario.com/MLC-3919822398-depto-ano-corrido-av-el-santo-4d-y-3bla-serena-_JM
490000,53,2,1,0,https://portalinmobiliario.com/MLC-3919822442-depto-ano-corrido-jardines-pacifico-2-2d-1bpuerta-del-mar-_JM
650000,75,2,2,0,https://portalinmobiliario.com/MLC-3919824014-arriendo-650000-cggcc-2d2b-vista-mar-161147-_JM
530000,53,3,2,1,https://portalinmobiliario.com/MLC-3919824080-arriendo-amoblado-ano-corrido-530000-ggcc-161153-_JM
500000,60,3,2,0,https://portalinmobiliario.com/MLC-3919826180-depto-cond-los-tamarindos-ii-vacio-149176-_JM
750000,92,3,2,1,https://portalinmobiliario.com/MLC-3919826364-departamento-amoblado-en-coquimbo-_JM
600000,57,3,2,0,https://portalinmobiliario.com/MLC-3919827452-se-arriendo-departamento-99395-_JM
450000,48,3,1,0,https://portalinmobiliario.com/MLC-3919828170-la-serena-arriendo-depto-amoblado-3d1b-_JM
530000,46,2,1,0,https://portalinmobiliario.com/MLC-3919829284-arriendo-ano-corrido-edificio-marina-oceano-_JM
390000,70,3,1,1,https://portalinmobiliario.com/MLC-3919829362-se-arrienda-depto-amoblado-marzo-a-diciembre-_JM
500000,55,2,1,1,https://portalinmobiliario.com/MLC-3919829472-arriendo-ano-corrido-herradura-_JM
750000,85,3,2,0,https://portalinmobiliario.com/MLC-3919831648-penultimo-piso-depto-amoblado-en-arriendo-ano-corrido-_JM
600000,72,2,2,0,https://portalinmobiliario.com/MLC-3919835064-barrio-universitario-6-ano-corrido-2d-y-2b-la-serena-_JM
430000,55,2,1,1,https://portalinmobiliario.com/MLC-3919835072-depto-ano-corrido-2d-1b-marina-sol-2-penuelas-coquimbo-_JM
500000,66,3,1,0,https://portalinmobiliario.com/MLC-3919835092-arriendo-depto-3d-y-1b-ano-corrido-inacap-la-serena-_JM
750000,77,2,2,0,https://portalinmobiliario.com/MLC-3922940708-dep-2d-en-suite-laguna-del-mar-la-serena-115714-_JM
580000,73,3,2,1,https://portalinmobiliario.com/MLC-3922945524-departamento-arriendo-ano-corrido-sector-el-milagr-_JM
460000,64,2,1,1,https://portalinmobiliario.com/MLC-3922958410-dep-2d-grandes-piscinas-costa-la-herradura-94534-_JM
600000,58,2,2,0,https://portalinmobiliario.com/MLC-3922961790-arriendo-dpto-ano-corrido-2d72b1e-y-bodega-san-joaquin-_JM
470000,42,1,1,1,https://portalinmobiliario.com/MLC-3923946778-departamento-en-arriendo-de-1-dorm-santa-rosa-del-mar-_JM
650000,59,2,2,0,https://portalinmobiliario.com/MLC-3923958232-hermoso-dpto-arriendo-ano-corrido-av-del-mar-amoblado-_JM
600000,68,2,2,1,https://portalinmobiliario.com/MLC-3923959196-arriendo-departamento-amoblado-club-oceano-coquimbo-_JM
550000,65,3,2,0,https://portalinmobiliario.com/MLC-3923964684-se-arrienda-ano-corrido-3d-2b-amoblado-sector-enjoy-ggcc-inc-_JM
550000,56,3,1,1,https://portalinmobiliario.com/MLC-3923972884-arriendo-depto-3d1b-playa-la-herradura-diario-o-ano-corrido-_JM
500000,51,2,1,1,https://portalinmobiliario.com/MLC-3923976916-lindo-departamento-_JM
480000,40,3,1,1,https://portalinmobiliario.com/MLC-3923980780-departamento-3-dormitorios-en-condominio-puerto-bahia-_JM
750000,75,2,2,0,https://portalinmobiliario.com/MLC-3923986794-depto-amoblado-en-av-juan-cisternas-_JM
520000,51,2,1,0,https://portalinmobiliario.com/MLC-3923986796-depto-sin-amoblar-en-segunda-linea-de-av-del-mar-_JM
490000,54,2,2,1,https://portalinmobiliario.com/MLC-3923986938-lindo-y-acogedor-departamento-en-condominio-altos-del-valle-_JM
500000,54,2,2,0,https://portalinmobiliario.com/MLC-3923990812-se-arrienda-ano-corrido-2-dorm-2-banos-puertas-del-mar-_JM
440000,50,3,1,1,https://portalinmobiliario.com/MLC-3927234362-av-balmaceda-con-regimiento-arica-_JM
400000,28,1,1,1,https://portalinmobiliario.com/MLC-3927235560-marzo-a-diciembre-a-pasos-del-faro-y-universidades-_JM
620000,68,2,2,0,https://portalinmobiliario.com/MLC-3927237356-impecable-departamento-ubicacion-privilegiada-157661-_JM
990000,100,3,2,0,https://portalinmobiliario.com/MLC-3927262680-departamento-en-arriendo-en-la-serena-_JM
500000,45,2,1,0,https://portalinmobiliario.com/MLC-3927263022-departamento-en-arriendo-de-2-dorm-el-milagro-_JM
500000,50,2,2,1,https://portalinmobiliario.com/MLC-3927265634-hermoso-depto-praderas-del-milagro-_JM
650000,72,3,2,1,https://portalinmobiliario.com/MLC-3927266002-depto-amoblado-ano-corrido-a-pasos-del-mar-en-la-serena-_JM
550000,60,2,2,1,https://portalinmobiliario.com/MLC-3927266444-departamento-los-nisperos-id-166945-_JM
1500000,163,3,3,1,https://portalinmobiliario.com/MLC-3927274084-amplio-departamento-lomas-de-penuelas-_JM
650000,69,2,2,1,https://portalinmobiliario.com/MLC-3927277968-departamento-con-espectacular-vista-a-la-playa-muy-luminoso-_JM
800000,75,3,2,1,https://portalinmobiliario.com/MLC-3927278780-departamento-semi-amoblado-ano-corrido-a-pasos-del-_JM
500000,52,2,1,0,https://portalinmobiliario.com/MLC-3927279302-se-arrienda-departamento-nuevo-cercano-a-inacap-la-serena-_JM
500000,55,2,2,1,https://portalinmobiliario.com/MLC-3927279356-departamento-avenida-los-pescadores-id-166968-_JM
780000,105,4,3,1,https://portalinmobiliario.com/MLC-3927279378-departamento-acceso-a-dario-salas-id-164935-_JM
650000,75,3,2,1,https://portalinmobiliario.com/MLC-3927281536-amplio-departamento-amoblado-sector-costanera-coquimbo-_JM
450000,28,1,1,1,https://portalinmobiliario.com/MLC-3927300188-ano-corrido-av-francisco-de-aguirre-a-pasos-del-faro-_JM
650000,90,3,2,0,https://portalinmobiliario.com/MLC-3927306394-se-arrienda-ano-corrido-3d-2b-avenida-del-mar-sector-huente-_JM
1500000,180,4,3,1,https://portalinmobiliario.com/MLC-3927307818-arriendo-hermoso-penthouse-a-pasos-de-av-mar-148150-_JM
700000,76,2,2,1,https://www.toctoc.com/propiedades/arriendocorredorasr/departamento/coquimbo/arriendo-condominio-costa-herradura/477b0aaf37f23b9e9c7074402282f4ad480ad213?utm_source=arriendo/departamento/coquimbo
450000,35,2,1,1,https://www.toctoc.com/propiedades/arriendocorredorasr/departamento/coquimbo/arriendo-de-departamento-hasta-diciembre-en-penuelas-norte/e24d130ec6c211aa8b2e1ae0c4ba9d4525e09767?utm_source=arriendo/departamento/coquimbo
550000,49,2,2,1,https://www.toctoc.com/propiedades/arriendocorredorasr/departamento/coquimbo/arriendo-departamento-avda-los-pescadores/fed359daf688ed8b7c8e55c6bda04934503ea506?utm_source=arriendo/departamento/coquimbo
700000,66,2,2,1,https://www.toctoc.com/propiedades/arriendocorredorasr/departamento/coquimbo/arriendo-departamento-en-avda-costanera/8cab7bc301e74a34286f9e649855267705ef36d0?utm_source=arriendo/departamento/coquimbo
490000,44,2,1,1,https://www.toctoc.com/propiedades/arriendocorredorasr/departamento/coquimbo/arriendo-departamento-en-avdalos-pescadores/fe7c7bcb3b1407c90b729dab89d37be636f9634b?utm_source=arriendo/departamento/coquimbo
650000,62,2,2,1,https://www.toctoc.com/propiedades/arriendocorredorasr/departamento/coquimbo/arriendo-marzo-a-diciembre-en-avenida-costanera/575bf65437f94384b27c66e8b32fa4e7cad62e5a?utm_source=arriendo/departamento/coquimbo
720000,80,3,2,1,https://www.toctoc.com/propiedades/arriendocorredorasr/departamento/coquimbo/departamento-ano-corrido/5d90344a04c6b56c8a4eb95da7b4b4c0075fbf82?utm_source=arriendo/departamento/coquimbo
420000,58,3,1,1,https://www.toctoc.com/propiedades/arriendocorredorasr/departamento/coquimbo/departamento-en-arriendo-de-3-dorm-1-bano-en-coquimbo/1cd878e014206df220aae2b3b6b7a3e8885b2fce?utm_source=arriendo/departamento/coquimbo
450000,55,3,1,0,https://www.toctoc.com/propiedades/arriendocorredorasr/departamento/coquimbo/departamento-en-arriendo-de-3-dorm-1bano-estacen-coquimbo/f5d03b50f37fa8bc07f72e519120610706ea10d8?utm_source=arriendo/departamento/coquimbo
500000,58,3,2,1,https://www.toctoc.com/propiedades/arriendocorredorasr/departamento/coquimbo/se-arrienda-departamento-en-palmas-de-penuelas/aad835e2ad256247c29d45cf63d659dcad5c0472?utm_source=arriendo/departamento/coquimbo
850000,104,3,2,1,https://www.toctoc.com/propiedades/arriendocorredorasr/departamento/coquimbo/se-arrienda-depto-sin-amoblar-primera-linea-penuelas-vista-al-mar-/c8078ffe37509c33fd776e1482803bf43960db68?utm_source=arriendo/departamento/coquimbo
1300000,134,3,2,1,https://www.toctoc.com/propiedades/arriendocorredorasr/departamento/la-serena/arriendo-ano-corrido-duplex-condominio-laguna-del-mar/7b7b12c1ed2f4008d35a6ab6eed6117e7cd278ea?utm_source=arriendo/departamento/coquimbo
550000,57,2,2,1,https://www.toctoc.com/propiedades/arriendocorredorasr/departamento/la-serena/arriendo-de-departamento-en-anibal-pinto/f5e1693de1f01b92b41e67a395e8fa2eabbfa6bd?utm_source=arriendo/departamento/coquimbo
1350000,100,3,2,1,https://www.toctoc.com/propiedades/arriendocorredorasr/departamento/la-serena/arriendo-de-departamento-en-avenida-del-mar/dd57223ffc89535498854904eb12f9a65b1307cf?utm_source=arriendo/departamento/coquimbo
450000,58,3,1,1,https://www.toctoc.com/propiedades/arriendocorredorasr/departamento/la-serena/arriendo-departamento-en-condominio-espacio-la-florida/aa666667e72e3c2103aa04b6b8b200804c720a17?utm_source=arriendo/departamento/coquimbo
580000,73,3,2,1,https://www.toctoc.com/propiedades/arriendocorredorasr/departamento/la-serena/arriendo-departamento-en-el-milagro/70f0ac4d3757ec9d8b7d80e462cdb68b2f780d0b?utm_source=arriendo/departamento/coquimbo
530000,61,3,2,1,https://www.toctoc.com/propiedades/arriendocorredorasr/departamento/la-serena/arriendo-departamento-en-praderas-del-milagro/7deb678314f927bbed05eea2541ad5ab9103fe12?utm_source=arriendo/departamento/coquimbo
950000,81,2,2,1,https://www.toctoc.com/propiedades/arriendocorredorasr/departamento/la-serena/arriendo-departamento-nuevo-en-barrio-residencial/b66ccee0ff23ed4edf754f6797bcadd199f594a5?utm_source=arriendo/departamento/coquimbo
580000,64,3,2,0,https://www.toctoc.com/propiedades/arriendocorredorasr/departamento/la-serena/arriendo-excelente-departamento-en-la-serena/a5524371617d7dfa7c176a54118958e5dcb0560b?utm_source=arriendo/departamento/coquimbo
400000,48,1,1,1,https://www.toctoc.com/propiedades/arriendocorredorasr/departamento/la-serena/condominio-el-milagro-arriendo-departamento/2edeb0eb9cd3fbea5143b01914faf94012f43b4a?utm_source=arriendo/departamento/coquimbo
450000,47,3,1,1,https://www.toctoc.com/propiedades/arriendocorredorasr/departamento/la-serena/departamento-a-una-cuadra-de-la-playa/c2e55eebf2c658844c7a0e5911e152e0816fcd80?utm_source=arriendo/departamento/coquimbo
580000,39,1,1,1,https://www.toctoc.com/propiedades/arriendocorredorasr/departamento/la-serena/departamento-en-arriendo-de-1-dorm-en-la-serena/940bdc3c8ec70faf122732ec67ea5b75ac8e1121?utm_source=arriendo/departamento/coquimbo
850000,100,2,2,1,https://www.toctoc.com/propiedades/arriendocorredorasr/departamento/la-serena/departamento-en-arriendo-de-2-dorm-en-la-serena/975376b47f9306f7eca7da4a83f242edc23ab5b3?utm_source=arriendo/departamento/coquimbo
650000,65,2,2,0,https://www.toctoc.com/propiedades/arriendocorredorasr/departamento/la-serena/departamento-en-arriendo-de-2-dorm-en-la-serena/ef6e65b649912ec921837821dcfee2a202d50887?utm_source=arriendo/departamento/coquimbo
600000,67,3,2,0,https://www.toctoc.com/propiedades/arriendocorredorasr/departamento/la-serena/departamento-en-arriendo-de-3-dorm-en-av-pacifico/717e15cdb0d1b95a021cb2e6f698447786f9152c?utm_source=arriendo/departamento/coquimbo
620000,55,3,2,1,https://www.toctoc.com/propiedades/arriendocorredorasr/departamento/la-serena/departamento-en-arriendo-de-3-dorm-en-la-serena/a57013b28ed367a2883b2336e02401d6ea1958ad?utm_source=arriendo/departamento/coquimbo
510000,60,3,1,0,https://www.toctoc.com/propiedades/arriendocorredorasr/departamento/la-serena/departamento-en-arriendo-de-3-dorm-en-la-serena/f960c41b7cce81a6f98312f55d554004089bef1e?utm_source=arriendo/departamento/coquimbo
450000,50,2,2,1,https://www.toctoc.com/propiedades/arriendocorredorasr/departamento/la-serena/departamento-en-arriendo-en-la-serena-marzo-diciembre-2026/0b5e9f6e4c6f6e95e156c9efe0b38a77e85ee69c?utm_source=arriendo/departamento/coquimbo
490000,47,2,2,1,https://www.toctoc.com/propiedades/arriendocorredorasr/departamento/la-serena/departamento-en-arriendo-hasta-diciembre/6b9d0ba38e845a794c7a9ef17d3c6ce3edf2dcb6?utm_source=arriendo/departamento/coquimbo
500000,40,1,1,1,https://www.toctoc.com/propiedades/arriendocorredorasr/departamento/la-serena/departamento-en-san-joaquin/f3969eb867917aed5592d5cd556ee194d41f05b6?utm_source=arriendo/departamento/coquimbo
570000,53,2,2,1,https://www.toctoc.com/propiedades/arriendocorredorasr/departamento/la-serena/en-terrazas-de-sol-lll-se-arrienda-departamento/11874cf5b6477cd159cd64e4047aabf70efeac9f?utm_source=arriendo/departamento/coquimbo
500000,43,2,1,1,https://www.toctoc.com/propiedades/arriendocorredorasr/departamento/la-serena/marzo-a-diciembre-puerta-del-mar/fdebe49024a0b265848ed939ecba2c236efd34c8?utm_source=arriendo/departamento/coquimbo
430000,58,1,1,1,https://www.toctoc.com/propiedades/arriendocorredorasr/departamento/la-serena/se-arrienda-departamento-amoblado-con-vista-al-mar-full-equipado/40261cfe2d98347cde545f50bd50604ec54e8431?utm_source=arriendo/departamento/coquimbo
1400000,114,4,3,1,https://www.toctoc.com/propiedades/arriendocorredorasr/departamento/la-serena/se-arrienda-departamento-duplex-en-avenida-del-mar/90342b1d9274010ae04f4b580ad4eb7bf3478298?utm_source=arriendo/departamento/coquimbo
700000,79,3,2,1,https://www.toctoc.com/propiedades/arriendocorredorasr/departamento/la-serena/se-arrienda-departamento-en-gabriel-gonzalez-videla/500a32fa2c41cfd6d89a5ce7368b4477e2f2cd13?utm_source=arriendo/departamento/coquimbo
460000,39,1,1,1,https://www.toctoc.com/propiedades/arriendocorredorasr/departamento/la-serena/se-arrienda-departamento-hasta-diciembre--laguna-del-mar/914c8fa11d03fab9503169369395c7e95459b2c6?utm_source=arriendo/departamento/coquimbo
380000,45,3,1,1,https://www.toctoc.com/propiedades/arriendocorredorasr/departamento/la-serena/se-arrienda-depto-av-pescadores-hasta-diciembre/2894cb90ff380fe0f7d6c659376256550d4f9ac6?utm_source=arriendo/departamento/coquimbo
520000,45,2,1,1,https://www.yapo.cl/bienes-raices-alquiler-apartamentos/a-pasos-de-casino-enjoy-penuelas/32320051
750000,90,3,2,1,https://www.yapo.cl/bienes-raices-alquiler-apartamentos/amoblado-de-marzo-a-diciembre-condominio-playa-herrradura/32060438
750000,90,3,2,1,https://www.yapo.cl/bienes-raices-alquiler-apartamentos/amoblado-de-marzo-a-diciembre-condominio-playa-herrradura/32336060
650000,752,3,2,1,https://www.yapo.cl/bienes-raices-alquiler-apartamentos/amplio-departamento-amoblado-sector-costanera-coquimbo/32362220
1000000,75,2,2,1,https://www.yapo.cl/bienes-raices-alquiler-apartamentos/amplio-y-luminoso-con-vista-panoramica-al-mar-140746/31855497
650000,75,2,2,1,https://www.yapo.cl/bienes-raices-alquiler-apartamentos/arriendo-650-000-c-ggcc-2d-2b-vista-mar-161147/32361658
600000,95,3,3,1,https://www.yapo.cl/bienes-raices-alquiler-apartamentos/arriendo-amplio-departamento-excelente-sector-12691/32309883
650000,90,3,2,1,https://www.yapo.cl/bienes-raices-alquiler-apartamentos/arriendo-ano-corrido-puertas-del-mar-la-serena/32304402
450000,43,1,1,1,https://www.yapo.cl/bienes-raices-alquiler-apartamentos/arriendo-centro-de-coquimbo-depto-amoblado-con-vista-al-mar/32264390
450000,70,3,2,1,https://www.yapo.cl/bienes-raices-alquiler-apartamentos/arriendo-departamento-3d-2b/26726490
660000,792,3,2,1,https://www.yapo.cl/bienes-raices-alquiler-apartamentos/arriendo-departamento-amoblado-3d2b1e-barrio-universitario/32267121
850000,110,3,3,1,https://www.yapo.cl/bienes-raices-alquiler-apartamentos/arriendo-departamento-amoblado-ano-corrido-avda-del-mar-excelente-ubicacion/32258866
580000,58,2,2,1,https://www.yapo.cl/bienes-raices-alquiler-apartamentos/arriendo-departamento-amoblado-con-tremenda-ubicacion/32355532
480000,552,3,1,0,https://www.yapo.cl/bienes-raices-alquiler-apartamentos/arriendo-departamento-amoblado-en-los-tamarindos-3d1b-1estac/32293946
850000,902,3,2,1,https://www.yapo.cl/bienes-raices-alquiler-apartamentos/arriendo-departamento-condominio-marina-horizonte-iii-3d-2b/32316528
650000,65,2,2,1,https://www.yapo.cl/bienes-raices-alquiler-apartamentos/arriendo-departamento-de-2-dorm-avda-pacifico-la-serena/32204182
650000,85,3,2,1,https://www.yapo.cl/bienes-raices-alquiler-apartamentos/arriendo-departamento-en-condominio-playa-herradura/32241460
650000,742,3,2,1,https://www.yapo.cl/bienes-raices-alquiler-apartamentos/arriendo-departamento-en-penuelas-con-vista-al-mar/32257707
450000,30,1,1,0,https://www.yapo.cl/bienes-raices-alquiler-apartamentos/arriendo-departamento-marzo-dic-de-estudio-en-coquimbo/32220655
510000,70,3,2,1,https://www.yapo.cl/bienes-raices-alquiler-apartamentos/arriendo-departamento-serena-154211/32184255
500000,20,2,1,1,https://www.yapo.cl/bienes-raices-alquiler-apartamentos/arriendo-dpto-av-pacifico-la-serena-149970/32068338
550000,65,2,2,1,https://www.yapo.cl/bienes-raices-alquiler-apartamentos/arriendo-frente-al-mar-hasta-diciembre-en-serena/32219652
550000,65,2,2,1,https://www.yapo.cl/bienes-raices-alquiler-apartamentos/arriendo-frente-al-mar-hasta-diciembre-en-serena/32340819
490000,100,3,2,1,https://www.yapo.cl/bienes-raices-alquiler-apartamentos/arriendo-marzo-a-diciembre-2026-av-pacifico-4115/32144941
600000,86,2,2,1,https://www.yapo.cl/bienes-raices-alquiler-apartamentos/arriendo-marzo-a-diciembre-playa-serena/32121900
600000,86,2,2,1,https://www.yapo.cl/bienes-raices-alquiler-apartamentos/arriendo-marzo-a-diciembre-playa-serena/32349019
700000,80,2,2,1,https://www.yapo.cl/bienes-raices-alquiler-apartamentos/arriendo-marzo-diciembre-101141/32032691
900000,148,4,3,1,https://www.yapo.cl/bienes-raices-alquiler-apartamentos/cuatro-esquinas-74398/30300075
430000,56,3,2,0,https://www.yapo.cl/bienes-raices-alquiler-apartamentos/departamento-3d-2b-amoblado-el-milagro/26606413
750000,90,3,2,1,https://www.yapo.cl/bienes-raices-alquiler-apartamentos/departamento-amoblado-en-coquimbo/31090639
750000,90,3,2,1,https://www.yapo.cl/bienes-raices-alquiler-apartamentos/departamento-amoblado-en-coquimbo/32336265
1100000,89,2,2,0,https://www.yapo.cl/bienes-raices-alquiler-apartamentos/departamento-amplio-departamento-en-arriendo-de-2d-2b-en-condominio-vista-san-joaquin-la-serena/32173148
650000,150,3,2,0,https://www.yapo.cl/bienes-raices-alquiler-apartamentos/departamento-amplio-y-como-departamento-valor-arriendo-incluye-ggcc-3-dormitorios-2-banos-bodega-estacionamiento-ubicado-a-150-metros-sup-jumbo/32232348
1000000,922,3,2,1,https://www.yapo.cl/bienes-raices-alquiler-apartamentos/departamento-aqua-resort-arriendo-hasta-diciembre/30885407
650000,67,2,2,1,https://www.yapo.cl/bienes-raices-alquiler-apartamentos/departamento-aqua-resort-arriendo-marzo-diciembre-la-serena/31993838
650000,64,2,2,1,https://www.yapo.cl/bienes-raices-alquiler-apartamentos/departamento-aqua-resort-arriendo-marzo-diciembre/31993835
500000,522,3,2,1,https://www.yapo.cl/bienes-raices-alquiler-apartamentos/departamento-arriendo-3-dorm-puertas-del-mar-la-serena/32204092
550000,142,2,2,1,https://www.yapo.cl/bienes-raices-alquiler-apartamentos/departamento-arriendo-de-2-dorm-av-del-mar-en-la-serena/32204125
1200000,902,3,2,0,https://www.yapo.cl/bienes-raices-alquiler-apartamentos/departamento-av-costanera-3400/32315272
1000000,95,2,2,0,https://www.yapo.cl/bienes-raices-alquiler-apartamentos/departamento-av-gabriela-mistral/32315283
500000,56,2,1,0,https://www.yapo.cl/bienes-raices-alquiler-apartamentos/departamento-av-la-marina-1202/32315274
500000,47,2,2,0,https://www.yapo.cl/bienes-raices-alquiler-apartamentos/departamento-av-pacifico-750-condominio-jardin-del-pacifico-iii/32315275
750000,55,2,2,0,https://www.yapo.cl/bienes-raices-alquiler-apartamentos/departamento-av-pacifico-751/32315264
600000,802,3,2,0,https://www.yapo.cl/bienes-raices-alquiler-apartamentos/departamento-avenida-guillerml-ulriksen/32355482
450000,48,2,2,0,https://www.yapo.cl/bienes-raices-alquiler-apartamentos/departamento-avenida-pacifico-con-cuatro-esquinas/30478826
470000,562,3,1,0,https://www.yapo.cl/bienes-raices-alquiler-apartamentos/departamento-bosque-san-carlos/32315215
550000,182,1,1,0,https://www.yapo.cl/bienes-raices-alquiler-apartamentos/departamento-calle-luisa-kneer-2820/30483967
550000,70,2,2,0,https://www.yapo.cl/bienes-raices-alquiler-apartamentos/departamento-como-departamento-en-arriendo-modelo-mariposa-entrega-01-de-abril-de-2026/31978335
480000,42,1,1,1,https://www.yapo.cl/bienes-raices-alquiler-apartamentos/departamento-con-excelente-ubicacion-76640/29845682
600000,752,3,2,0,https://www.yapo.cl/bienes-raices-alquiler-apartamentos/departamento-condominio-altamura/32258077
600000,702,3,2,0,https://www.yapo.cl/bienes-raices-alquiler-apartamentos/departamento-condominio-alto-hacienda/30280756
600000,55,2,1,0,https://www.yapo.cl/bienes-raices-alquiler-apartamentos/departamento-condominio-bahia-horizonte/31451097
750000,68,2,2,0,https://www.yapo.cl/bienes-raices-alquiler-apartamentos/departamento-condominio-brisamar/32349750
500000,20,2,2,0,https://www.yapo.cl/bienes-raices-alquiler-apartamentos/departamento-condominio-costa-de-elqui/32306700
750000,150,2,3,0,https://www.yapo.cl/bienes-raices-alquiler-apartamentos/departamento-condominio-costa-norte/32365015
750000,722,3,2,0,https://www.yapo.cl/bienes-raices-alquiler-apartamentos/departamento-condominio-dona-gabriela/31620168
670000,74,2,2,0,https://www.yapo.cl/bienes-raices-alquiler-apartamentos/departamento-condominio-milagro-del-cerro-grande/32340771
600000,58,2,2,0,https://www.yapo.cl/bienes-raices-alquiler-apartamentos/departamento-condominio-neo-spazio/32218824
400000,452,3,1,0,https://www.yapo.cl/bienes-raices-alquiler-apartamentos/departamento-condominio-reinos-francos/32262955
420000,55,2,1,0,https://www.yapo.cl/bienes-raices-alquiler-apartamentos/departamento-condominio-vista-sol/32350296
650000,60,1,2,1,https://www.yapo.cl/bienes-raices-alquiler-apartamentos/departamento-de-1d-1b-cond-marina-horizonte-156644/32249483
450000,572,3,1,1,https://www.yapo.cl/bienes-raices-alquiler-apartamentos/departamento-de-3-dorm-la-florida-en-la-serena/32230158
500000,602,3,2,0,https://www.yapo.cl/bienes-raices-alquiler-apartamentos/departamento-departamento-en-arriendo-3d-2b-cuarto-piso/32320179
600000,592,3,2,0,https://www.yapo.cl/bienes-raices-alquiler-apartamentos/departamento-departamento-en-arriendo-en-avenida-costanera/32227462
450000,30,1,1,0,https://www.yapo.cl/bienes-raices-alquiler-apartamentos/departamento-edificio-ha/32059544
550000,78,2,2,0,https://www.yapo.cl/bienes-raices-alquiler-apartamentos/departamento-edificio-montegrande/31786181
420000,602,3,1,0,https://www.yapo.cl/bienes-raices-alquiler-apartamentos/departamento-el-sauce-coquimbo/32315234
470000,562,3,1,1,https://www.yapo.cl/bienes-raices-alquiler-apartamentos/departamento-en-arriendo-3-dorm-bosque-san-carlos-coquimbo/32300828
500000,602,3,2,0,https://www.yapo.cl/bienes-raices-alquiler-apartamentos/departamento-en-arriendo-3d-2b-cuarto-piso/32317572
1000000,95,2,2,1,https://www.yapo.cl/bienes-raices-alquiler-apartamentos/departamento-en-arriendo-condominio-vista-en-la-serena/32300751
430000,34,1,1,1,https://www.yapo.cl/bienes-raices-alquiler-apartamentos/departamento-en-arriendo-de-1-dorm-en-coquimbo/32204077
550000,182,1,1,1,https://www.yapo.cl/bienes-raices-alquiler-apartamentos/departamento-en-arriendo-de-1-dorm-en-la-serena/32222475
580000,42,1,1,1,https://www.yapo.cl/bienes-raices-alquiler-apartamentos/departamento-en-arriendo-de-1-dorm-en-la-serena/32316379
550000,70,2,2,1,https://www.yapo.cl/bienes-raices-alquiler-apartamentos/departamento-en-arriendo-de-2-dorm-2-banos-en-la-serena/32223281
550000,78,2,2,1,https://www.yapo.cl/bienes-raices-alquiler-apartamentos/departamento-en-arriendo-de-2-dorm-en-la-serena/32100172
720000,100,2,2,1,https://www.yapo.cl/bienes-raices-alquiler-apartamentos/departamento-en-arriendo-de-2-dorm-en-la-serena/32158094
1100000,89,2,2,1,https://www.yapo.cl/bienes-raices-alquiler-apartamentos/departamento-en-arriendo-de-2-dorm-en-la-serena/32167583
490000,54,2,1,0,https://www.yapo.cl/bienes-raices-alquiler-apartamentos/departamento-en-arriendo-de-2-dorm-en-la-serena/32220556
450000,44,2,1,1,https://www.yapo.cl/bienes-raices-alquiler-apartamentos/departamento-en-arriendo-de-2-dorm-en-la-serena/32241943
860000,75,2,2,0,https://www.yapo.cl/bienes-raices-alquiler-apartamentos/departamento-en-arriendo-de-2-dorm-en-la-serena/32260293
650000,74,2,2,1,https://www.yapo.cl/bienes-raices-alquiler-apartamentos/departamento-en-arriendo-de-2-dorm-en-la-serena/32338357
420000,602,3,1,1,https://www.yapo.cl/bienes-raices-alquiler-apartamentos/departamento-en-arriendo-de-3-dorm-1-bano-en-coquimbo/32204211
700000,732,3,2,1,https://www.yapo.cl/bienes-raices-alquiler-apartamentos/departamento-en-arriendo-de-3-dorm-2-banos-en-coquimbo/32143822
550000,672,3,2,1,https://www.yapo.cl/bienes-raices-alquiler-apartamentos/departamento-en-arriendo-de-3-dorm-2-banos-en-la-serena/32204089
600000,582,3,2,1,https://www.yapo.cl/bienes-raices-alquiler-apartamentos/departamento-en-arriendo-de-3-dorm-en-coquimbo/32143067
600000,592,3,2,1,https://www.yapo.cl/bienes-raices-alquiler-apartamentos/departamento-en-arriendo-de-3-dorm-en-coquimbo/32202926
600000,752,3,2,0,https://www.yapo.cl/bienes-raices-alquiler-apartamentos/departamento-en-arriendo-de-3-dorm-en-la-serena/32255422
510000,602,3,1,1,https://www.yapo.cl/bienes-raices-alquiler-apartamentos/departamento-en-arriendo-de-3-dorm-en-la-serena/32312111
600000,802,3,2,0,https://www.yapo.cl/bienes-raices-alquiler-apartamentos/departamento-en-arriendo-de-3-dorm-en-la-serena/32353994
1200000,902,3,2,1,https://www.yapo.cl/bienes-raices-alquiler-apartamentos/departamento-en-arriendo-de-marzo-a-diciembre-en-coquimbo/32300765
450000,52,2,2,1,https://www.yapo.cl/bienes-raices-alquiler-apartamentos/departamento-en-arriendo-en-la-serena-marzo-diciembre-2025/32145223
470000,100,2,2,1,https://www.yapo.cl/bienes-raices-alquiler-apartamentos/departamento-en-arriendo-en-la-serena-marzo-diciembre-2026/32145222
1200000,122,3,2,1,https://www.yapo.cl/bienes-raices-alquiler-apartamentos/departamento-en-arriendo-en-laguna-del-mar/31303128
1200000,92,2,2,1,https://www.yapo.cl/bienes-raices-alquiler-apartamentos/departamento-en-arriendo-en-san-joaquin/32204079
580000,602,3,1,1,https://www.yapo.cl/bienes-raices-alquiler-apartamentos/departamento-en-arriendo-hasta-diciembre-en-coquimbo/32142097
750000,55,2,2,1,https://www.yapo.cl/bienes-raices-alquiler-apartamentos/departamento-en-arriendo-laguna-del-mar-en-la-serena/32300776
500000,47,2,2,1,https://www.yapo.cl/bienes-raices-alquiler-apartamentos/departamento-en-arriendo-marzo-a-diciembre-en-la-serena/32300760
400000,452,3,1,1,https://www.yapo.cl/bienes-raices-alquiler-apartamentos/departamento-en-arriendo-por-ano-corrido-av-del-mar-laseren/32258789
700000,65,3,2,1,https://www.yapo.cl/bienes-raices-alquiler-apartamentos/departamento-en-condominio-marina-costa-coquimbo-arriendo/32051120
400000,482,3,1,1,https://www.yapo.cl/bienes-raices-alquiler-apartamentos/departamento-en-primer-piso-condominio-las-palmas-la-serena/32357323
420000,602,3,1,1,https://www.yapo.cl/bienes-raices-alquiler-apartamentos/departamento-en-venta-o-arriendo-en-el-sauce-en-coquimbo/32300808
500000,552,3,1,1,https://www.yapo.cl/bienes-raices-alquiler-apartamentos/departamento-frente-a-playa-la-herradura-coquimbo/32139174
650000,65,2,1,1,https://www.yapo.cl/bienes-raices-alquiler-apartamentos/departamento-frente-al-mar-160277/32330478
650000,622,3,1,0,https://www.yapo.cl/bienes-raices-alquiler-apartamentos/departamento-juan-antonio-rios-404/32315265
600000,65,2,2,1,https://www.yapo.cl/bienes-raices-alquiler-apartamentos/departamento-mar-serena-arriendo-marzo-diciembre-la-serena/31993837
700000,57,2,2,1,https://www.yapo.cl/bienes-raices-alquiler-apartamentos/departamento-oportunidad-ano-corrido-aqua-resort-frontal-la-serena/32213434
500000,642,3,2,0,https://www.yapo.cl/bienes-raices-alquiler-apartamentos/departamento-oscar-quiroz-morgado/30934102
500000,45,2,2,1,https://www.yapo.cl/bienes-raices-alquiler-apartamentos/departamento-pacifico-3100-hermoso-departamento-hasta-diciembre/32088015
590000,45,2,2,1,https://www.yapo.cl/bienes-raices-alquiler-apartamentos/departamento-pet-friendly-en-arriendo-2-dorm-en-el-milagro/32316278
860000,75,2,2,0,https://www.yapo.cl/bienes-raices-alquiler-apartamentos/departamento-serena-golf/32272969
800000,101,3,2,1,https://www.yapo.cl/bienes-raices-alquiler-apartamentos/depto-amoblado-ano-corrido-a-pasos-del-mar-158683/32293658
600000,62,3,1,1,https://www.yapo.cl/bienes-raices-alquiler-apartamentos/depto-ano-corrido-amoblado-cerca-hospital-147629/32017981
500000,56,2,1,1,https://www.yapo.cl/bienes-raices-alquiler-apartamentos/depto-arriendo-marzo-a-diciembre-la-herradura-en-coquimbo/32300762
450000,46,2,1,1,https://www.yapo.cl/bienes-raices-alquiler-apartamentos/depto-en-penuelas-arriendo-hasta-diciembre-147825/32024753
580000,58,2,2,1,https://www.yapo.cl/bienes-raices-alquiler-apartamentos/esplendido-departamento-con-tremenda-ubicacion-en-la-serena/31486728
580000,58,2,2,1,https://www.yapo.cl/bienes-raices-alquiler-apartamentos/esplendido-departamento-con-tremenda-ubicacion-en-la-serena/32336474
680000,86,2,2,1,https://www.yapo.cl/bienes-raices-alquiler-apartamentos/excelente-ubicacion-departamento-en-ulriksen-158290/32285830
500000,45,2,1,1,https://www.yapo.cl/bienes-raices-alquiler-apartamentos/frente-a-bakulic-la-serena-condominio-el-palmar-marzo-a-diciembre-o-ano-corrido/30092994
450000,32,1,1,0,https://www.yapo.cl/bienes-raices-alquiler-apartamentos/hermoso-1d-1b-amoblado-con-gasto-comun-incluido/32194926
540000,50,2,2,1,https://www.yapo.cl/bienes-raices-alquiler-apartamentos/hermoso-departamento-en-la-playa-a-pasos-casino-enjoy/32246614
500000,362,3,2,0,https://www.yapo.cl/bienes-raices-alquiler-apartamentos/hermoso-depto-3d-2b-e-b-coquimbo/32194911
400000,502,3,1,1,https://www.yapo.cl/bienes-raices-alquiler-apartamentos/impecable-departamento-en-la-cantera-de-coquimbo/32361083
700000,55,2,2,1,https://www.yapo.cl/bienes-raices-alquiler-apartamentos/la-herradura-arriendo-depto-2d-2b-con-estacionamiento/32289174
650000,70,2,2,1,https://www.yapo.cl/bienes-raices-alquiler-apartamentos/lindo-departamento-amoblado-terrazas-del-sol3-156647/32249546
650000,65,2,1,1,https://www.yapo.cl/bienes-raices-alquiler-apartamentos/moderno-depto-en-jardin-del-mar-151285/32096987
580000,64,3,2,1,https://www.yapo.cl/bienes-raices-alquiler-apartamentos/puertas-del-mar-la-serena-98649/30773208
650000,71,2,2,1,https://www.yapo.cl/bienes-raices-alquiler-apartamentos/que-mejor-que-descansar-mirando-al-mar-98677/32362862
550000,59,2,2,1,https://www.yapo.cl/bienes-raices-alquiler-apartamentos/se-arrienda-departamento-amoblado-a-pasos-de-ruta-5-coquimbo/32355606
470000,602,3,1,1,https://www.yapo.cl/bienes-raices-alquiler-apartamentos/se-arrienda-departamento-ano-corrido-semi-equipado/32330967
580000,100,2,2,1,https://www.yapo.cl/bienes-raices-alquiler-apartamentos/se-arrienda-departamento-en-la-herradura/31774529
450000,80,2,2,1,https://www.yapo.cl/bienes-raices-alquiler-apartamentos/se-arrienda-departamento/25863195
390000,85,3,1,0,https://www.yapo.cl/bienes-raices-alquiler-apartamentos/se-arrienda-depto-en-ovalle-excelente-ubicacion/26102516
630000,68,2,2,1,https://www.yapo.cl/bienes-raices-alquiler-apartamentos/se-arriendo-departamento-nuevo-en-el-milagro/31718637
